-- phpMyAdmin SQL Dump
-- version 4.9.2
-- https://www.phpmyadmin.net/
--
-- Host: 127.0.0.1
-- Generation Time: Mar 26, 2022 at 04:56 AM
-- Server version: 10.4.11-MariaDB
-- PHP Version: 7.2.26

SET SQL_MODE = "NO_AUTO_VALUE_ON_ZERO";
SET AUTOCOMMIT = 0;
START TRANSACTION;
SET time_zone = "+00:00";


/*!40101 SET @OLD_CHARACTER_SET_CLIENT=@@CHARACTER_SET_CLIENT */;
/*!40101 SET @OLD_CHARACTER_SET_RESULTS=@@CHARACTER_SET_RESULTS */;
/*!40101 SET @OLD_COLLATION_CONNECTION=@@COLLATION_CONNECTION */;
/*!40101 SET NAMES utf8mb4 */;

--
-- Database: `kompete1_dbe-kompeten`
--

-- --------------------------------------------------------

--
-- Table structure for table `admin`
--

CREATE TABLE `admin` (
  `id` bigint(20) NOT NULL,
  `grup_id` bigint(20) DEFAULT NULL,
  `username` varchar(300) DEFAULT NULL,
  `password` varchar(200) DEFAULT NULL,
  `email` varchar(100) DEFAULT NULL,
  `nama` varchar(50) DEFAULT NULL,
  `foto` varchar(255) DEFAULT NULL,
  `status` tinyint(4) NOT NULL,
  `hidden` tinyint(4) NOT NULL,
  `cookie` varchar(100) DEFAULT NULL,
  `last_login_user` datetime DEFAULT NULL,
  `created_date` datetime DEFAULT NULL,
  `created_by` varchar(200) DEFAULT NULL,
  `updated_date` datetime DEFAULT NULL,
  `updated_by` varchar(200) DEFAULT NULL,
  `deleted_date` datetime DEFAULT NULL
) ENGINE=InnoDB DEFAULT CHARSET=utf8;

--
-- Dumping data for table `admin`
--

INSERT INTO `admin` (`id`, `grup_id`, `username`, `password`, `email`, `nama`, `foto`, `status`, `hidden`, `cookie`, `last_login_user`, `created_date`, `created_by`, `updated_date`, `updated_by`, `deleted_date`) VALUES
(1, 1, 'superadmin', 'fd71ebe4872acc49418cb8d35970e71d', 'superadmin@gmail.com', 'Superadmin E-kopetensi', 'logo-dishub2.png', 3, 0, 'EmFTV0ktaRyU0WcHEYAlbUSY1m6OduOahiD4fMzpfR3i8hNGQpygBWkXgs9GCcVI', '2022-03-16 21:21:07', '2021-07-30 13:08:52', 'System', '2021-12-20 11:40:09', 'superadmin', NULL),
(2, 2, 'kemenhub', '3cce92ce07cb2460ede81b971e215465', 'admin@gmail.com', 'kemenhub', NULL, 3, 1, 'EmFTV0ktaRyU0WcHEYAlbUSY1m6OduOahiD4fMzpfR3i8hNGQpygBWkXgs9GCcVI', '2021-09-02 07:34:36', '2021-07-30 13:08:52', 'System', '2021-12-20 08:15:18', 'superadmin', NULL);

-- --------------------------------------------------------

--
-- Table structure for table `ci_sessions`
--

CREATE TABLE `ci_sessions` (
  `id` varchar(40) NOT NULL,
  `timestamp` int(10) UNSIGNED NOT NULL DEFAULT 0,
  `ip_address` varchar(45) NOT NULL,
  `data` text NOT NULL
) ENGINE=InnoDB DEFAULT CHARSET=utf8;

-- --------------------------------------------------------

--
-- Table structure for table `grup`
--

CREATE TABLE `grup` (
  `grup_id` int(10) NOT NULL,
  `nama_grup` varchar(300) DEFAULT NULL,
  `deskripsi` longtext DEFAULT NULL,
  `created_date` datetime DEFAULT NULL,
  `created_by` varchar(200) DEFAULT NULL,
  `updated_date` datetime DEFAULT NULL,
  `updated_by` varchar(200) DEFAULT NULL,
  `deleted_date` datetime DEFAULT NULL
) ENGINE=InnoDB DEFAULT CHARSET=utf8;

--
-- Dumping data for table `grup`
--

INSERT INTO `grup` (`grup_id`, `nama_grup`, `deskripsi`, `created_date`, `created_by`, `updated_date`, `updated_by`, `deleted_date`) VALUES
(1, 'Super Admin', 'Full  Akses ', '2021-07-30 13:08:52', 'System', '2021-07-30 13:08:52', 'System', NULL),
(2, 'Admin Bagian', 'Akses Terbatas', '2021-07-30 13:08:52', 'System', '2021-07-30 13:08:52', 'System', NULL);

-- --------------------------------------------------------

--
-- Table structure for table `jenis_jenjang`
--

CREATE TABLE `jenis_jenjang` (
  `id` int(255) NOT NULL,
  `kode` varchar(300) DEFAULT NULL,
  `jenjang` varchar(500) DEFAULT NULL,
  `deleted_date` datetime DEFAULT NULL
) ENGINE=InnoDB DEFAULT CHARSET=utf8;

--
-- Dumping data for table `jenis_jenjang`
--

INSERT INTO `jenis_jenjang` (`id`, `kode`, `jenjang`, `deleted_date`) VALUES
(1, 'PP1', 'Pembantu Penguji', '2021-12-01 14:14:20'),
(2, 'PP2', 'Penguji Pemula', '2021-12-01 14:14:37'),
(3, 'PT1', 'Penguji Tingkat Satu', '2021-12-01 14:14:49'),
(4, 'PT2', 'Penguji Tingkat Dua', NULL),
(5, 'PT3', 'Penguji Tingkat Tiga', '2021-12-01 14:15:02'),
(6, 'PT4', 'Penguji Tingkat Empat', NULL),
(7, 'PT5', 'Penguji Tingkat Lima', '2021-12-01 14:15:33'),
(8, 'PT6', 'Master Penguji', NULL);

-- --------------------------------------------------------

--
-- Table structure for table `kategori_status`
--

CREATE TABLE `kategori_status` (
  `id_kategori` bigint(20) NOT NULL,
  `nama_kategori` varchar(300) DEFAULT NULL,
  `deleted_date` datetime DEFAULT NULL
) ENGINE=InnoDB DEFAULT CHARSET=utf8;

--
-- Dumping data for table `kategori_status`
--

INSERT INTO `kategori_status` (`id_kategori`, `nama_kategori`, `deleted_date`) VALUES
(1, 'PNS', NULL),
(2, 'P3K', NULL),
(3, 'NON ASN', NULL),
(4, 'Pria', NULL),
(5, 'Wanita', NULL),
(6, 'Dishub Provinsi', NULL),
(7, 'Dishub Kabupaten', NULL),
(8, 'Dishub Kota', NULL),
(9, 'Ditjen Perhubungan Darat', NULL),
(10, 'Lembaga Diklat', NULL);

-- --------------------------------------------------------

--
-- Table structure for table `kota`
--

CREATE TABLE `kota` (
  `id_kota` bigint(20) NOT NULL,
  `id_provinsi` bigint(20) DEFAULT NULL,
  `kode` varchar(300) DEFAULT NULL,
  `nama_kota` varchar(255) DEFAULT NULL,
  `deleted_date` datetime DEFAULT NULL
) ENGINE=InnoDB DEFAULT CHARSET=utf8;

--
-- Dumping data for table `kota`
--

INSERT INTO `kota` (`id_kota`, `id_provinsi`, `kode`, `nama_kota`, `deleted_date`) VALUES
(1, 1, '011.009', 'KABUPATEN SIMEULUE', NULL),
(2, 1, '011.010', 'KABUPATEN ACEH SINGKIL', NULL),
(3, 1, '011.001', 'KABUPATEN ACEH SELATAN', NULL),
(4, 1, '011.002', 'KABUPATEN ACEH TENGGARA', NULL),
(5, 1, '011.003', 'KABUPATEN ACEH TIMUR', NULL),
(6, 1, '011.004', 'KABUPATEN ACEH TENGAH', NULL),
(7, 1, '011.005', 'KABUPATEN ACEH BARAT', NULL),
(8, 1, '011.006', 'KABUPATEN ACEH BESAR', NULL),
(9, 1, '011.007', 'KABUPATEN PIDIE', NULL),
(10, 1, '011.011', 'KABUPATEN BIREUEN', NULL),
(11, 1, '011.008', 'KABUPATEN ACEH UTARA', NULL),
(12, 1, '011.012', 'KABUPATEN ACEH BARAT DAYA', NULL),
(13, 1, '011.013', 'KABUPATEN GAYO LUES', NULL),
(14, 1, '011.016', 'KABUPATEN ACEH TAMIANG', NULL),
(15, 1, '011.015', 'KABUPATEN NAGAN RAYA', NULL),
(16, 1, '011.014', 'KABUPATEN ACEH JAYA', NULL),
(17, 1, '011.017', 'KABUPATEN BENER MERIAH', NULL),
(18, 1, '011.018', 'KABUPATEN PIDIE JAYA', NULL),
(19, 1, '011.071', 'KOTA BANDA ACEH', NULL),
(20, 1, '011.072', 'KOTA SABANG', NULL),
(21, 1, '011.074', 'KOTA LANGSA', NULL),
(22, 1, '011.073', 'KOTA LHOKSEUMAWE', NULL),
(23, 1, '011.075', 'KOTA SUBULUSSALAM', NULL),
(24, 2, '012.004', 'KABUPATEN NIAS', NULL),
(25, 2, '012.013', 'KABUPATEN MANDAILING NATAL', NULL),
(26, 2, '012.003', 'KABUPATEN TAPANULI SELATAN', NULL),
(27, 2, '012.001', 'KABUPATEN TAPANULI TENGAH', NULL),
(28, 2, '012.002', 'KABUPATEN TAPANULI UTARA', NULL),
(29, 2, '012.012', 'KABUPATEN TOBA SAMOSIR', NULL),
(30, 2, '012.010', 'KABUPATEN LABUHAN BATU', NULL),
(31, 2, '012.009', 'KABUPATEN ASAHAN', NULL),
(32, 2, '012.008', 'KABUPATEN SIMALUNGUN', NULL),
(33, 2, '012.011', 'KABUPATEN DAIRI', NULL),
(34, 2, '012.006', 'KABUPATEN KARO', NULL),
(35, 2, '012.007', 'KABUPATEN DELI SERDANG', NULL),
(36, 2, '012.005', 'KABUPATEN LANGKAT', NULL),
(37, 2, '012.014', 'KABUPATEN NIAS SELATAN', NULL),
(38, 2, '012.016', 'KABUPATEN HUMBANG HASUNDUTAN', NULL),
(39, 2, '012.015', 'KABUPATEN PAKPAK BHARAT', NULL),
(40, 2, '012.017', 'KABUPATEN SAMOSIR', NULL),
(41, 2, '012.018', 'KABUPATEN SERDANG BEDAGAI', NULL),
(42, 2, '012.019', 'KABUPATEN BATU BARA', NULL),
(43, 2, '012.020', 'KABUPATEN PADANG LAWAS UTARA', NULL),
(44, 2, '012.021', 'KABUPATEN PADANG LAWAS', NULL),
(45, 2, '012.022', 'KABUPATEN LABUHAN BATU SELATAN', NULL),
(46, 2, '012.023', 'KABUPATEN LABUHAN BATU UTARA', NULL),
(47, 2, '012.024', 'KABUPATEN NIAS UTARA', NULL),
(48, 2, '012.025', 'KABUPATEN NIAS BARAT', NULL),
(49, 2, '012.073', 'KOTA SIBOLGA', NULL),
(50, 2, '012.074', 'KOTA TANJUNG BALAI', NULL),
(51, 2, '012.072', 'KOTA PEMATANG SIANTAR', NULL),
(52, 2, '012.076', 'KOTA TEBING TINGGI', NULL),
(53, 2, '012.071', 'KOTA MEDAN', NULL),
(54, 2, '012.075', 'KOTA BINJAI', NULL),
(55, 2, '012.077', 'KOTA PADANGSIDIMPUAN', NULL),
(56, 2, '012.078', 'KOTA GUNUNGSITOLI', NULL),
(57, 3, '013.009', 'KABUPATEN KEPULAUAN MENTAWAI', NULL),
(58, 3, '013.001', 'KABUPATEN PESISIR SELATAN', NULL),
(59, 3, '013.002', 'KABUPATEN SOLOK', NULL),
(60, 3, '013.003', 'KABUPATEN SIJUNJUNG', NULL),
(61, 3, '013.004', 'KABUPATEN TANAH DATAR', NULL),
(62, 3, '013.005', 'KABUPATEN PADANG PARIAMAN', NULL),
(63, 3, '013.006', 'KABUPATEN AGAM', NULL),
(64, 3, '013.007', 'KABUPATEN LIMA PULUH KOTA', NULL),
(65, 3, '013.008', 'KABUPATEN PASAMAN', NULL),
(66, 3, '013.011', 'KABUPATEN SOLOK SELATAN', NULL),
(67, 3, '013.010', 'KABUPATEN DHARMASRAYA', NULL),
(68, 3, '013.012', 'KABUPATEN PASAMAN BARAT', NULL),
(69, 3, '013.071', 'KOTA PADANG', NULL),
(70, 3, '013.072', 'KOTA SOLOK', NULL),
(71, 3, '013.073', 'KOTA SAWAH LUNTO', NULL),
(72, 3, '013.074', 'KOTA PADANG PANJANG', NULL),
(73, 3, '013.075', 'KOTA BUKITTINGGI', NULL),
(74, 3, '013.076', 'KOTA PAYAKUMBUH', NULL),
(75, 3, '013.077', 'KOTA PARIAMAN', NULL),
(76, 4, '014.009', 'KABUPATEN KUANTAN SINGINGI', NULL),
(77, 4, '014.002', 'KABUPATEN INDRAGIRI HULU', NULL),
(78, 4, '014.004', 'KABUPATEN INDRAGIRI HILIR', NULL),
(79, 4, '014.005', 'KABUPATEN PELALAWAN', NULL),
(80, 4, '014.008', 'KABUPATEN SIAK', NULL),
(81, 4, '014.001', 'KABUPATEN KAMPAR', NULL),
(82, 4, '014.006', 'KABUPATEN ROKAN HULU', NULL),
(83, 4, '014.003', 'KABUPATEN BENGKALIS', NULL),
(84, 4, '014.007', 'KABUPATEN ROKAN HILIR', NULL),
(85, 4, '014.010', 'KABUPATEN KEPULAUAN MERANTI', NULL),
(86, 4, '014.071', 'KOTA PEKANBARU', NULL),
(87, 4, '014.072', 'KOTA DUMAI', NULL),
(88, 5, '015.001', 'KABUPATEN KERINCI', NULL),
(89, 5, '015.002', 'KABUPATEN MERANGIN', NULL),
(90, 5, '015.003', 'KABUPATEN SAROLANGUN', NULL),
(91, 5, '015.004', 'KABUPATEN BATANG HARI', NULL),
(92, 5, '015.005', 'KABUPATEN MUARO JAMBI', NULL),
(93, 5, '015.006', 'KABUPATEN TANJUNG JABUNG TIMUR', NULL),
(94, 5, '015.007', 'KABUPATEN TANJUNG JABUNG BARAT', NULL),
(95, 5, '015.009', 'KABUPATEN TEBO', NULL),
(96, 5, '015.008', 'KABUPATEN BUNGO', NULL),
(97, 5, '015.071', 'KOTA JAMBI', NULL),
(98, 5, '015.072', 'KOTA SUNGAI PENUH', NULL),
(99, 6, '016.001', 'KABUPATEN OGAN KOMERING ULU', NULL),
(100, 6, '016.002', 'KABUPATEN OGAN KOMERING ILIR', NULL),
(101, 6, '016.003', 'KABUPATEN MUARA ENIM', NULL),
(102, 6, '016.004', 'KABUPATEN LAHAT', NULL),
(103, 6, '016.005', 'KABUPATEN MUSI RAWAS', NULL),
(104, 6, '016.006', 'KABUPATEN MUSI BANYUASIN', NULL),
(105, 6, '016.007', 'KABUPATEN BANYU ASIN', NULL),
(106, 6, '016.009', 'KABUPATEN OGAN KOMERING ULU SELATAN', NULL),
(107, 6, '016.008', 'KABUPATEN OGAN KOMERING ULU TIMUR', NULL),
(108, 6, '016.010', 'KABUPATEN OGAN ILIR', NULL),
(109, 6, '016.011', 'KABUPATEN EMPAT LAWANG', NULL),
(110, 6, '016.012', 'KABUPATEN PENUKAL ABAB LEMATANG ILIR', NULL),
(111, 6, '016.013', 'KABUPATEN MUSI RAWAS UTARA', NULL),
(112, 6, '016.071', 'KOTA PALEMBANG', NULL),
(113, 6, '016.074', 'KOTA PRABUMULIH', NULL),
(114, 6, '016.072', 'KOTA PAGAR ALAM', NULL),
(115, 6, '016.073', 'KOTA LUBUKLINGGAU', NULL),
(116, 7, '017.001', 'KABUPATEN BENGKULU SELATAN', NULL),
(117, 7, '017.002', 'KABUPATEN REJANG LEBONG', NULL),
(118, 7, '017.003', 'KABUPATEN BENGKULU UTARA', NULL),
(119, 7, '017.004', 'KABUPATEN KAUR', NULL),
(120, 7, '017.005', 'KABUPATEN SELUMA', NULL),
(121, 7, '017.006', 'KABUPATEN MUKOMUKO', NULL),
(122, 7, '017.007', 'KABUPATEN LEBONG', NULL),
(123, 7, '017.008', 'KABUPATEN KEPAHIANG', NULL),
(124, 7, '017.009', 'KABUPATEN BENGKULU TENGAH', NULL),
(125, 7, '017.071', 'KOTA BENGKULU', NULL),
(126, 8, '018.004', 'KABUPATEN LAMPUNG BARAT', NULL),
(127, 8, '018.006', 'KABUPATEN TANGGAMUS', NULL),
(128, 8, '018.001', 'KABUPATEN LAMPUNG SELATAN', NULL),
(129, 8, '018.007', 'KABUPATEN LAMPUNG TIMUR', NULL),
(130, 8, '018.002', 'KABUPATEN LAMPUNG TENGAH', NULL),
(131, 8, '018.003', 'KABUPATEN LAMPUNG UTARA', NULL),
(132, 8, '018.008', 'KABUPATEN WAY KANAN', NULL),
(133, 8, '018.005', 'KABUPATEN TULANGBAWANG', NULL),
(134, 8, '018.009', 'KABUPATEN PESAWARAN', NULL),
(135, 8, '018.010', 'KABUPATEN PRINGSEWU', NULL),
(136, 8, '018.011', 'KABUPATEN MESUJI', NULL),
(137, 8, '018.012', 'KABUPATEN TULANG BAWANG BARAT', NULL),
(138, 8, '018.013', 'KABUPATEN PESISIR BARAT', NULL),
(139, 8, '018.071', 'KOTA BANDAR LAMPUNG', NULL),
(140, 8, '018.072', 'KOTA METRO', NULL),
(141, 9, '019.001', 'KABUPATEN BANGKA', NULL),
(142, 9, '019.002', 'KABUPATEN BELITUNG', NULL),
(143, 9, '019.005', 'KABUPATEN BANGKA BARAT', NULL),
(144, 9, '019.004', 'KABUPATEN BANGKA TENGAH', NULL),
(145, 9, '019.003', 'KABUPATEN BANGKA SELATAN', NULL),
(146, 9, '019.006', 'KABUPATEN BELITUNG TIMUR', NULL),
(147, 9, '019.071', 'KOTA PANGKAL PINANG', NULL),
(148, 10, '021.002', 'KABUPATEN KARIMUN', NULL),
(149, 10, '021.001', 'KABUPATEN BINTAN', NULL),
(150, 10, '021.003', 'KABUPATEN NATUNA', NULL),
(151, 10, '021.004', 'KABUPATEN LINGGA', NULL),
(152, 10, '021.005', 'KABUPATEN KEPULAUAN ANAMBAS', NULL),
(153, 10, '021.071', 'KOTA BATAM', NULL),
(154, 10, '021.072', 'KOTA TANJUNG PINANG', NULL),
(155, 11, '031.001', 'KABUPATEN KEPULAUAN SERIBU', NULL),
(156, 11, '031.074', 'KOTA JAKARTA SELATAN', NULL),
(157, 11, '031.075', 'KOTA JAKARTA TIMUR', NULL),
(158, 11, '031.071', 'KOTA JAKARTA PUSAT', NULL),
(159, 11, '031.073', 'KOTA JAKARTA BARAT', NULL),
(160, 11, '031.072', 'KOTA JAKARTA UTARA', NULL),
(161, 12, '032.001', 'KABUPATEN BOGOR', NULL),
(162, 12, '032.002', 'KABUPATEN SUKABUMI', NULL),
(163, 12, '032.003', 'KABUPATEN CIANJUR', NULL),
(164, 12, '032.004', 'KABUPATEN BANDUNG', NULL),
(165, 12, '032.005', 'KABUPATEN GARUT', NULL),
(166, 12, '032.006', 'KABUPATEN TASIKMALAYA', NULL),
(167, 12, '032.007', 'KABUPATEN CIAMIS', NULL),
(168, 12, '032.008', 'KABUPATEN KUNINGAN', NULL),
(169, 12, '032.009', 'KABUPATEN CIREBON', NULL),
(170, 12, '032.010', 'KABUPATEN MAJALENGKA', NULL),
(171, 12, '032.011', 'KABUPATEN SUMEDANG', NULL),
(172, 12, '032.012', 'KABUPATEN INDRAMAYU', NULL),
(173, 12, '032.013', 'KABUPATEN SUBANG', NULL),
(174, 12, '032.014', 'KABUPATEN PURWAKARTA', NULL),
(175, 12, '032.015', 'KABUPATEN KARAWANG', NULL),
(176, 12, '032.016', 'KABUPATEN BEKASI', NULL),
(177, 12, '032.017', 'KABUPATEN BANDUNG BARAT', NULL),
(178, 12, '032.018', 'KABUPATEN PANGANDARAN', NULL),
(179, 12, '032.071', 'KOTA BOGOR', NULL),
(180, 12, '032.072', 'KOTA SUKABUMI', NULL),
(181, 12, '032.073', 'KOTA BANDUNG', NULL),
(182, 12, '032.074', 'KOTA CIREBON', NULL),
(183, 12, '032.075', 'KOTA BEKASI', NULL),
(184, 12, '032.076', 'KOTA DEPOK', NULL),
(185, 12, '032.077', 'KOTA CIMAHI', NULL),
(186, 12, '032.078', 'KOTA TASIKMALAYA', NULL),
(187, 12, '032.079', 'KOTA BANJAR', NULL),
(188, 13, '033.001', 'KABUPATEN CILACAP', NULL),
(189, 13, '033.002', 'KABUPATEN BANYUMAS', NULL),
(190, 13, '033.003', 'KABUPATEN PURBALINGGA', NULL),
(191, 13, '033.004', 'KABUPATEN BANJARNEGARA', NULL),
(192, 13, '033.005', 'KABUPATEN KEBUMEN', NULL),
(193, 13, '033.006', 'KABUPATEN PURWOREJO', NULL),
(194, 13, '033.007', 'KABUPATEN WONOSOBO', NULL),
(195, 13, '033.008', 'KABUPATEN MAGELANG', NULL),
(196, 13, '033.009', 'KABUPATEN BOYOLALI', NULL),
(197, 13, '033.010', 'KABUPATEN KLATEN', NULL),
(198, 13, '033.011', 'KABUPATEN SUKOHARJO', NULL),
(199, 13, '033.012', 'KABUPATEN WONOGIRI', NULL),
(200, 13, '033.013', 'KABUPATEN KARANGANYAR', NULL),
(201, 13, '033.014', 'KABUPATEN SRAGEN', NULL),
(202, 13, '033.015', 'KABUPATEN GROBOGAN', NULL),
(203, 13, '033.016', 'KABUPATEN BLORA', NULL),
(204, 13, '033.017', 'KABUPATEN REMBANG', NULL),
(205, 13, '033.018', 'KABUPATEN PATI', NULL),
(206, 13, '033.019', 'KABUPATEN KUDUS', NULL),
(207, 13, '033.020', 'KABUPATEN JEPARA', NULL),
(208, 13, '033.021', 'KABUPATEN DEMAK', NULL),
(209, 13, '033.022', 'KABUPATEN SEMARANG', NULL),
(210, 13, '033.023', 'KABUPATEN TEMANGGUNG', NULL),
(211, 13, '033.024', 'KABUPATEN KENDAL', NULL),
(212, 13, '033.025', 'KABUPATEN BATANG', NULL),
(213, 13, '033.026', 'KABUPATEN PEKALONGAN', NULL),
(214, 13, '033.027', 'KABUPATEN PEMALANG', NULL),
(215, 13, '033.028', 'KABUPATEN TEGAL', NULL),
(216, 13, '033.029', 'KABUPATEN BREBES', NULL),
(217, 13, '033.071', 'KOTA MAGELANG', NULL),
(218, 13, '033.072', 'KOTA SURAKARTA', NULL),
(219, 13, '033.073', 'KOTA SALATIGA', NULL),
(220, 13, '033.074', 'KOTA SEMARANG', NULL),
(221, 13, '033.075', 'KOTA PEKALONGAN', NULL),
(222, 13, '033.076', 'KOTA TEGAL', NULL),
(223, 14, '034.001', 'KABUPATEN KULON PROGO', NULL),
(224, 14, '034.002', 'KABUPATEN BANTUL', NULL),
(225, 14, '034.003', 'KABUPATEN GUNUNG KIDUL', NULL),
(226, 14, '034.004', 'KABUPATEN SLEMAN', NULL),
(227, 14, '034.071', 'KOTA YOGYAKARTA', NULL),
(228, 15, '035.001', 'KABUPATEN PACITAN', NULL),
(229, 15, '035.002', 'KABUPATEN PONOROGO', NULL),
(230, 15, '035.003', 'KABUPATEN TRENGGALEK', NULL),
(231, 15, '035.004', 'KABUPATEN TULUNGAGUNG', NULL),
(232, 15, '035.005', 'KABUPATEN BLITAR', NULL),
(233, 15, '035.006', 'KABUPATEN KEDIRI', NULL),
(234, 15, '035.007', 'KABUPATEN MALANG', NULL),
(235, 15, '035.008', 'KABUPATEN LUMAJANG', NULL),
(236, 15, '035.009', 'KABUPATEN JEMBER', NULL),
(237, 15, '035.010', 'KABUPATEN BANYUWANGI', NULL),
(238, 15, '035.011', 'KABUPATEN BONDOWOSO', NULL),
(239, 15, '035.012', 'KABUPATEN SITUBONDO', NULL),
(240, 15, '035.013', 'KABUPATEN PROBOLINGGO', NULL),
(241, 15, '035.014', 'KABUPATEN PASURUAN', NULL),
(242, 15, '035.015', 'KABUPATEN SIDOARJO', NULL),
(243, 15, '035.016', 'KABUPATEN MOJOKERTO', NULL),
(244, 15, '035.017', 'KABUPATEN JOMBANG', NULL),
(245, 15, '035.018', 'KABUPATEN NGANJUK', NULL),
(246, 15, '035.019', 'KABUPATEN MADIUN', NULL),
(247, 15, '035.020', 'KABUPATEN MAGETAN', NULL),
(248, 15, '035.021', 'KABUPATEN NGAWI', NULL),
(249, 15, '035.022', 'KABUPATEN BOJONEGORO', NULL),
(250, 15, '035.023', 'KABUPATEN TUBAN', NULL),
(251, 15, '035.024', 'KABUPATEN LAMONGAN', NULL),
(252, 15, '035.025', 'KABUPATEN GRESIK', NULL),
(253, 15, '035.026', 'KABUPATEN BANGKALAN', NULL),
(254, 15, '035.027', 'KABUPATEN SAMPANG', NULL),
(255, 15, '035.028', 'KABUPATEN PAMEKASAN', NULL),
(256, 15, '035.029', 'KABUPATEN SUMENEP', NULL),
(257, 15, '035.071', 'KOTA KEDIRI', NULL),
(258, 15, '035.072', 'KOTA BLITAR', NULL),
(259, 15, '035.073', 'KOTA MALANG', NULL),
(260, 15, '035.074', 'KOTA PROBOLINGGO', NULL),
(261, 15, '035.075', 'KOTA PASURUAN', NULL),
(262, 15, '035.076', 'KOTA MOJOKERTO', NULL),
(263, 15, '035.077', 'KOTA MADIUN', NULL),
(264, 15, '035.078', 'KOTA SURABAYA', NULL),
(265, 15, '035.079', 'KOTA BATU', NULL),
(266, 16, '036.001', 'KABUPATEN PANDEGLANG', NULL),
(267, 16, '036.002', 'KABUPATEN LEBAK', NULL),
(268, 16, '036.003', 'KABUPATEN TANGERANG', NULL),
(269, 16, '036.004', 'KABUPATEN SERANG', NULL),
(270, 16, '036.071', 'KOTA TANGERANG', NULL),
(271, 16, '036.072', 'KOTA CILEGON', NULL),
(272, 16, '036.073', 'KOTA SERANG', NULL),
(273, 16, '036.074', 'KOTA TANGERANG SELATAN', NULL),
(274, 17, '051.001', 'KABUPATEN JEMBRANA', NULL),
(275, 17, '051.002', 'KABUPATEN TABANAN', NULL),
(276, 17, '051.003', 'KABUPATEN BADUNG', NULL),
(277, 17, '051.004', 'KABUPATEN GIANYAR', NULL),
(278, 17, '051.005', 'KABUPATEN KLUNGKUNG', NULL),
(279, 17, '051.006', 'KABUPATEN BANGLI', NULL),
(280, 17, '051.007', 'KABUPATEN KARANG ASEM', NULL),
(281, 17, '051.008', 'KABUPATEN BULELENG', NULL),
(282, 17, '051.071', 'KOTA DENPASAR', NULL),
(283, 18, '052.001', 'KABUPATEN LOMBOK BARAT', NULL),
(284, 18, '052.002', 'KABUPATEN LOMBOK TENGAH', NULL),
(285, 18, '052.003', 'KABUPATEN LOMBOK TIMUR', NULL),
(286, 18, '052.004', 'KABUPATEN SUMBAWA', NULL),
(287, 18, '052.005', 'KABUPATEN DOMPU', NULL),
(288, 18, '052.006', 'KABUPATEN BIMA', NULL),
(289, 18, '052.007', 'KABUPATEN SUMBAWA BARAT', NULL),
(290, 18, '052.008', 'KABUPATEN LOMBOK UTARA', NULL),
(291, 18, '052.071', 'KOTA MATARAM', NULL),
(292, 18, '052.002', 'KOTA BIMA', NULL),
(293, 19, '053.012', 'KABUPATEN SUMBA BARAT', NULL),
(294, 19, '053.011', 'KABUPATEN SUMBA TIMUR', NULL),
(295, 19, '053.001', 'KABUPATEN KUPANG', NULL),
(296, 19, '053.002', 'KABUPATEN TIMOR TENGAH SELATAN', NULL),
(297, 19, '053.003', 'KABUPATEN TIMOR TENGAH UTARA', NULL),
(298, 19, '053.004', 'KABUPATEN BELU', NULL),
(299, 19, '053.005', 'KABUPATEN ALOR', NULL),
(300, 19, '053.013', 'KABUPATEN LEMBATA', NULL),
(301, 19, '053.006', 'KABUPATEN FLORES TIMUR', NULL),
(302, 19, '053.007', 'KABUPATEN SIKKA', NULL),
(303, 19, '053.008', 'KABUPATEN ENDE', NULL),
(304, 19, '053.009', 'KABUPATEN NGADA', NULL),
(305, 19, '053.010', 'KABUPATEN MANGGARAI', NULL),
(306, 19, '053.014', 'KABUPATEN ROTE NDAO', NULL),
(307, 19, '053.015', 'KABUPATEN MANGGARAI BARAT', NULL),
(308, 19, '053.017', 'KABUPATEN SUMBA TENGAH', NULL),
(309, 19, '053.018', 'KABUPATEN SUMBA BARAT DAYA', NULL),
(310, 19, '053.016', 'KABUPATEN NAGEKEO', NULL),
(311, 19, '053.019', 'KABUPATEN MANGGARAI TIMUR', NULL),
(312, 19, '053.020', 'KABUPATEN SABU RAIJUA', NULL),
(313, 19, '053.021', 'KABUPATEN MALAKA', NULL),
(314, 19, '053.071', 'KOTA KUPANG', NULL),
(315, 20, '061.001', 'KABUPATEN SAMBAS', NULL),
(316, 20, '061.007', 'KABUPATEN BENGKAYANG', NULL),
(317, 20, '061.008', 'KABUPATEN LANDAK', NULL),
(318, 20, '061.002', 'KABUPATEN MEMPAWAH', NULL),
(319, 20, '061.003', 'KABUPATEN SANGGAU', NULL),
(320, 20, '061.004', 'KABUPATEN KETAPANG', NULL),
(321, 20, '061.005', 'KABUPATEN SINTANG', NULL),
(322, 20, '061.006', 'KABUPATEN KAPUAS HULU', NULL),
(323, 20, '061.009', 'KABUPATEN SEKADAU', NULL),
(324, 20, '061.010', 'KABUPATEN MELAWI', NULL),
(325, 20, '061.011', 'KABUPATEN KAYONG UTARA', NULL),
(326, 20, '061.012', 'KABUPATEN KUBU RAYA', NULL),
(327, 20, '061.071', 'KOTA PONTIANAK', NULL),
(328, 20, '061.072', 'KOTA SINGKAWANG', NULL),
(329, 21, '062.001', 'KABUPATEN KOTAWARINGIN BARAT', NULL),
(330, 21, '062.002', 'KABUPATEN KOTAWARINGIN TIMUR', NULL),
(331, 21, '062.003', 'KABUPATEN KAPUAS', NULL),
(332, 21, '062.004', 'KABUPATEN BARITO SELATAN', NULL),
(333, 21, '062.005', 'KABUPATEN BARITO UTARA', NULL),
(334, 21, '062.008', 'KABUPATEN SUKAMARA', NULL),
(335, 21, '062.009', 'KABUPATEN LAMANDAU', NULL),
(336, 21, '062.007', 'KABUPATEN SERUYAN', NULL),
(337, 21, '062.006', 'KABUPATEN KATINGAN', NULL),
(338, 21, '062.011', 'KABUPATEN PULANG PISAU', NULL),
(339, 21, '062.010', 'KABUPATEN GUNUNG MAS', NULL),
(340, 21, '062.013', 'KABUPATEN BARITO TIMUR', NULL),
(341, 21, '062.012', 'KABUPATEN MURUNG RAYA', NULL),
(342, 21, '062.071', 'KOTA PALANGKA RAYA', NULL),
(343, 22, '063.001', 'KABUPATEN TANAH LAUT', NULL),
(344, 22, '063.002', 'KABUPATEN KOTA BARU', NULL),
(345, 22, '063.003', 'KABUPATEN BANJAR', NULL),
(346, 22, '063.004', 'KABUPATEN BARITO KUALA', NULL),
(347, 22, '063.005', 'KABUPATEN TAPIN', NULL),
(348, 22, '063.006', 'KABUPATEN HULU SUNGAI SELATAN', NULL),
(349, 22, '063.007', 'KABUPATEN HULU SUNGAI TENGAH', NULL),
(350, 22, '063.008', 'KABUPATEN HULU SUNGAI UTARA', NULL),
(351, 22, '063.009', 'KABUPATEN TABALONG', NULL),
(352, 22, '063.010', 'KABUPATEN TANAH BUMBU', NULL),
(353, 22, '063.011', 'KABUPATEN BALANGAN', NULL),
(354, 22, '063.071', 'KOTA BANJARMASIN', NULL),
(355, 22, '063.072', 'KOTA BANJAR BARU', NULL),
(356, 23, '064.001', 'KABUPATEN PASER', NULL),
(357, 23, '064.007', 'KABUPATEN KUTAI BARAT', NULL),
(358, 23, '064.002', 'KABUPATEN KUTAI KARTANEGARA', NULL),
(359, 23, '064.008', 'KABUPATEN KUTAI TIMUR', NULL),
(360, 23, '064.003', 'KABUPATEN BERAU', NULL),
(361, 23, '064.009', 'KABUPATEN PENAJAM PASER UTARA', NULL),
(362, 23, '064.011', 'KABUPATEN MAHAKAM HULU', NULL),
(363, 23, '064.071', 'KOTA BALIKPAPAN', NULL),
(364, 23, '064.072', 'KOTA SAMARINDA', NULL),
(365, 23, '064.073', 'KOTA BONTANG', NULL),
(366, 24, '065.002', 'KABUPATEN MALINAU', NULL),
(367, 24, '065.001', 'KABUPATEN BULUNGAN', NULL),
(368, 24, '065.004', 'KABUPATEN TANA TIDUNG', NULL),
(369, 24, '065.003', 'KABUPATEN NUNUKAN', NULL),
(370, 24, '065.071', 'KOTA TARAKAN', NULL),
(371, 25, '071.001', 'KABUPATEN BOLAANG MONGONDOW', NULL),
(372, 25, '071.002', 'KABUPATEN MINAHASA', NULL),
(373, 25, '071.003', 'KABUPATEN KEPULAUAN SANGIHE', NULL),
(374, 25, '071.004', 'KABUPATEN KEPULAUAN TALAUD', NULL),
(375, 25, '071.005', 'KABUPATEN MINAHASA SELATAN', NULL),
(376, 25, '071.006', 'KABUPATEN MINAHASA UTARA', NULL),
(377, 25, '071.008', 'KABUPATEN BOLAANG MONGONDOW UTARA', NULL),
(378, 25, '071.009', 'KABUPATEN SIAU TAGULANDANG BIARO', NULL),
(379, 25, '071.007', 'KABUPATEN MINAHASA TENGGARA', NULL),
(380, 25, '071.011', 'KABUPATEN BOLAANG MONGONDOW SELATAN', NULL),
(381, 25, '071.010', 'KABUPATEN BOLAANG MONGONDOW TIMUR', NULL),
(382, 25, '071.071', 'KOTA MANADO', NULL),
(383, 25, '071.072', 'KOTA BITUNG', NULL),
(384, 25, '071.073', 'KOTA TOMOHON', NULL),
(385, 25, '071.074', 'KOTA KOTAMOBAGU', NULL),
(386, 26, '072.007', 'KABUPATEN BANGGAI KEPULAUAN', NULL),
(387, 26, '072.001', 'KABUPATEN BANGGAI', NULL),
(388, 26, '072.006', 'KABUPATEN MOROWALI', NULL),
(389, 26, '072.002', 'KABUPATEN POSO', NULL),
(390, 26, '072.003', 'KABUPATEN DONGGALA', NULL),
(391, 26, '072.004', 'KABUPATEN TOLI-TOLI', NULL),
(392, 26, '072.005', 'KABUPATEN BUOL', NULL),
(393, 26, '072.008', 'KABUPATEN PARIGI MOUTONG', NULL),
(394, 26, '072.009', 'KABUPATEN TOJO UNA-UNA', NULL),
(395, 26, '072.010', 'KABUPATEN SIGI', NULL),
(396, 26, '072.011', 'KABUPATEN BANGGAI LAUT', NULL),
(397, 26, '072.012', 'KABUPATEN MOROWALI UTARA', NULL),
(398, 26, '072.071', 'KOTA PALU', NULL),
(399, 27, '073.001', 'KABUPATEN KEPULAUAN SELAYAR', NULL),
(400, 27, '073.002', 'KABUPATEN BULUKUMBA', NULL),
(401, 27, '073.003', 'KABUPATEN BANTAENG', NULL),
(402, 27, '073.004', 'KABUPATEN JENEPONTO', NULL),
(403, 27, '073.005', 'KABUPATEN TAKALAR', NULL),
(404, 27, '073.006', 'KABUPATEN GOWA', NULL),
(405, 27, '073.007', 'KABUPATEN SINJAI', NULL),
(406, 27, '073.009', 'KABUPATEN MAROS', NULL),
(407, 27, '073.010', 'KABUPATEN PANGKAJENE DAN KEPULAUAN', NULL),
(408, 27, '073.011', 'KABUPATEN BARRU', NULL),
(409, 27, '073.008', 'KABUPATEN BONE', NULL),
(410, 27, '073.012', 'KABUPATEN SOPPENG', NULL),
(411, 27, '073.013', 'KABUPATEN WAJO', NULL),
(412, 27, '073.014', 'KABUPATEN SIDENRENG RAPPANG', NULL),
(413, 27, '073.015', 'KABUPATEN PINRANG', NULL),
(414, 27, '073.016', 'KABUPATEN ENREKANG', NULL),
(415, 27, '073.017', 'KABUPATEN LUWU', NULL),
(416, 27, '073.018', 'KABUPATEN TANA TORAJA', NULL),
(417, 27, '073.019', 'KABUPATEN LUWU UTARA', NULL),
(418, 27, '073.020', 'KABUPATEN LUWU TIMUR', NULL),
(419, 27, '073.021', 'KABUPATEN TORAJA UTARA', NULL),
(420, 27, '073.071', 'KOTA MAKASSAR', NULL),
(421, 27, '073.072', 'KOTA PAREPARE', NULL),
(422, 27, '073.073', 'KOTA PALOPO', NULL),
(423, 28, '074.004', 'KABUPATEN BUTON', NULL),
(424, 28, '074.003', 'KABUPATEN MUNA', NULL),
(425, 28, '074.002', 'KABUPATEN KONAWE', NULL),
(426, 28, '074.001', 'KABUPATEN KOLAKA', NULL),
(427, 28, '074.005', 'KABUPATEN KONAWE SELATAN', NULL),
(428, 28, '074.006', 'KABUPATEN BOMBANA', NULL),
(429, 28, '074.007', 'KABUPATEN WAKATOBI', NULL),
(430, 28, '074.008', 'KABUPATEN KOLAKA UTARA', NULL),
(431, 28, '074.010', 'KABUPATEN BUTON UTARA', NULL),
(432, 28, '074.009', 'KABUPATEN KONAWE UTARA', NULL),
(433, 28, '074.011', 'KABUPATEN KOLAKA TIMUR', NULL),
(434, 28, '074.012', 'KABUPATEN KONAWE KEPULAUAN', NULL),
(435, 28, '074.013', 'KABUPATEN MUNA BARAT', NULL),
(436, 28, '074.014', 'KABUPATEN BUTON TENGAH', NULL),
(437, 28, '074.015', 'KABUPATEN BUTON SELATAN', NULL),
(438, 28, '074.071', 'KOTA KENDARI', NULL),
(439, 28, '074.072', 'KOTA BAUBAU', NULL),
(440, 29, '075.002', 'KABUPATEN BOALEMO', NULL),
(441, 29, '075.001', 'KABUPATEN GORONTALO', NULL),
(442, 29, '075.004', 'KABUPATEN POHUWATO', NULL),
(443, 29, '075.003', 'KABUPATEN BONE BOLANGO', NULL),
(444, 29, '075.005', 'KABUPATEN GORONTALO UTARA', NULL),
(445, 29, '075.071', 'KOTA GORONTALO', NULL),
(446, 30, '076.005', 'KABUPATEN MAJENE', NULL),
(447, 30, '076.004', 'KABUPATEN POLEWALI MANDAR', NULL),
(448, 30, '076.003', 'KABUPATEN MAMASA', NULL),
(449, 30, '076.002', 'KABUPATEN MAMUJU', NULL),
(450, 30, '076.001', 'KABUPATEN MAMUJU UTARA', NULL),
(451, 30, '076.006', 'KABUPATEN MAMUJU TENGAH', NULL),
(452, 31, '081.003', 'KABUPATEN MALUKU TENGGARA BARAT', NULL),
(453, 31, '081.002', 'KABUPATEN MALUKU TENGGARA', NULL),
(454, 31, '081.001', 'KABUPATEN MALUKU TENGAH', NULL),
(455, 31, '081.004', 'KABUPATEN BURU', NULL),
(456, 31, '081.007', 'KABUPATEN KEPULAUAN ARU', NULL),
(457, 31, '081.006', 'KABUPATEN SERAM BAGIAN BARAT', NULL),
(458, 31, '081.005', 'KABUPATEN SERAM BAGIAN TIMUR', NULL),
(459, 31, '081.008', 'KABUPATEN MALUKU BARAT DAYA', NULL),
(460, 31, '081.009', 'KABUPATEN BURU SELATAN', NULL),
(461, 31, '081.071', 'KOTA AMBON', NULL),
(462, 31, '081.072', 'KOTA TUAL', NULL),
(463, 32, '082.001', 'KABUPATEN HALMAHERA BARAT', NULL),
(464, 32, '082.002', 'KABUPATEN HALMAHERA TENGAH', NULL),
(465, 32, '082.005', 'KABUPATEN KEPULAUAN SULA', NULL),
(466, 32, '082.004', 'KABUPATEN HALMAHERA SELATAN', NULL),
(467, 32, '082.003', 'KABUPATEN HALMAHERA UTARA', NULL),
(468, 32, '082.006', 'KABUPATEN HALMAHERA TIMUR', NULL),
(469, 32, '082.007', 'KABUPATEN PULAU MOROTAI', NULL),
(470, 32, '082.008', 'KABUPATEN PULAU TALIABU', NULL),
(471, 32, '082.071', 'KOTA TERNATE', NULL),
(472, 32, '082.072', 'KOTA TIDORE KEPULAUAN', NULL),
(473, 33, '092.003', 'KABUPATEN FAKFAK', NULL),
(474, 33, '092.008', 'KABUPATEN KAIMANA', NULL),
(475, 33, '092.007', 'KABUPATEN TELUK WONDAMA', NULL),
(476, 33, '092.006', 'KABUPATEN TELUK BINTUNI', NULL),
(477, 33, '092.002', 'KABUPATEN MANOKWARI', NULL),
(478, 33, '092.004', 'KABUPATEN SORONG SELATAN', NULL),
(479, 33, '092.001', 'KABUPATEN SORONG', NULL),
(480, 33, '092.005', 'KABUPATEN RAJA AMPAT', NULL),
(481, 33, '092.009', 'KABUPATEN TAMBRAUW', NULL),
(482, 33, '092.010', 'KABUPATEN MAYBRAT', NULL),
(483, 33, '092.011', 'KABUPATEN MANOKWARI SELATAN', NULL),
(484, 33, '092.012', 'KABUPATEN PEGUNUNGAN ARFAK', NULL),
(485, 33, '092.071', 'KOTA SORONG', NULL),
(486, 34, '091.001', 'KABUPATEN MERAUKE', NULL),
(487, 34, '091.002', 'KABUPATEN JAYAWIJAYA', NULL),
(488, 34, '091.003', 'KABUPATEN JAYAPURA', NULL),
(489, 34, '091.004', 'KABUPATEN NABIRE', NULL),
(490, 34, '091.005', 'KABUPATEN KEPULAUAN YAPEN', NULL),
(491, 34, '091.006', 'KABUPATEN BIAK NUMFOR', NULL),
(492, 34, '091.008', 'KABUPATEN PANIAI', NULL),
(493, 34, '091.007', 'KABUPATEN PUNCAK JAYA', NULL),
(494, 34, '091.009', 'KABUPATEN MIMIKA', NULL),
(495, 34, '091.016', 'KABUPATEN BOVEN DIGOEL', NULL),
(496, 34, '091.017', 'KABUPATEN MAPPI', NULL),
(497, 34, '091.018', 'KABUPATEN ASMAT', NULL),
(498, 34, '091.013', 'KABUPATEN YAHUKIMO', NULL),
(499, 34, '091.012', 'KABUPATEN PEGUNUNGAN BINTANG', NULL),
(500, 34, '091.014', 'KABUPATEN TOLIKARA', NULL),
(501, 34, '091.010', 'KABUPATEN SARMI', NULL),
(502, 34, '091.011', 'KABUPATEN KEEROM', NULL),
(503, 34, '091.015', 'KABUPATEN WAROPEN', NULL),
(504, 34, '091.019', 'KABUPATEN SUPIORI', NULL),
(505, 34, '091.020', 'KABUPATEN MAMBERAMO RAYA', NULL),
(506, 34, '091.024', 'KABUPATEN NDUGA', NULL),
(507, 34, '091.023', 'KABUPATEN LANNY JAYA', NULL),
(508, 34, '091.021', 'KABUPATEN MAMBERAMO TENGAH', NULL),
(509, 34, '091.022', 'KABUPATEN YALIMO', NULL),
(510, 34, '091.025', 'KABUPATEN PUNCAK', NULL),
(511, 34, '091.026', 'KABUPATEN DOGIYAI', NULL),
(512, 34, '091.027', 'KABUPATEN INTAN JAYA', NULL),
(513, 34, '091.028', 'KABUPATEN DEIYAI', NULL),
(514, 34, '091.071', 'KOTA JAYAPURA', NULL);

-- --------------------------------------------------------

--
-- Table structure for table `menu_akses`
--

CREATE TABLE `menu_akses` (
  `id_menuakses` int(11) NOT NULL,
  `id_menu` int(11) DEFAULT NULL,
  `grup_id` int(11) DEFAULT NULL,
  `view` int(11) DEFAULT NULL,
  `add` int(11) DEFAULT NULL,
  `edit` int(11) DEFAULT NULL,
  `del` int(11) DEFAULT NULL
) ENGINE=InnoDB DEFAULT CHARSET=utf8;

--
-- Dumping data for table `menu_akses`
--

INSERT INTO `menu_akses` (`id_menuakses`, `id_menu`, `grup_id`, `view`, `add`, `edit`, `del`) VALUES
(1, 1, 1, 1, 0, 0, 0),
(2, 2, 1, 0, 0, 1, 0),
(3, 3, 1, 1, 0, 0, 0),
(4, 4, 1, 1, 1, 1, 1),
(5, 5, 1, 1, 1, 1, 1),
(6, 35, 1, 1, 1, 1, 1),
(7, 6, 1, 1, 0, 0, 0),
(8, 7, 1, 1, 1, 1, 1),
(9, 8, 1, 0, 1, 1, 1),
(10, 9, 1, 0, 1, 1, 1),
(11, 10, 1, 0, 1, 0, 1),
(12, 11, 1, 1, 0, 0, 0),
(13, 12, 1, 1, 0, 1, 1),
(14, 13, 1, 1, 0, 1, 1),
(15, 14, 1, 1, 1, 1, 1),
(16, 36, 1, 1, 0, 0, 0),
(17, 15, 1, 1, 1, 1, 1),
(18, 16, 1, 1, 0, 1, 1),
(19, 17, 1, 1, 1, 1, 1),
(20, 37, 1, 1, 0, 0, 0),
(21, 18, 1, 1, 1, 1, 1),
(22, 19, 1, 1, 0, 1, 1),
(23, 20, 1, 1, 1, 1, 1),
(24, 21, 1, 1, 1, 1, 1),
(25, 22, 1, 1, 0, 1, 1),
(26, 24, 1, 1, 0, 0, 0),
(27, 25, 1, 1, 0, 0, 0),
(28, 26, 1, 1, 0, 0, 0),
(29, 27, 1, 1, 0, 0, 0),
(30, 28, 1, 1, 0, 0, 0),
(31, 29, 1, 1, 0, 0, 0),
(32, 30, 1, 1, 0, 1, 0),
(33, 31, 1, 1, 0, 1, 0),
(34, 32, 1, 1, 1, 1, 1),
(35, 33, 1, 1, 1, 1, 1),
(36, 34, 1, 1, 1, 1, 1),
(37, 1, 2, 1, 0, 0, 0),
(38, 2, 2, 1, 1, 1, 0),
(39, 4, 2, 1, 1, 1, 0),
(40, 11, 2, 1, 0, 0, 0),
(41, 12, 2, 1, 0, 1, 1),
(42, 13, 2, 1, 0, 0, 0),
(43, 14, 2, 1, 0, 0, 0),
(44, 36, 2, 1, 0, 0, 0),
(45, 15, 2, 1, 0, 0, 0),
(46, 16, 2, 1, 0, 0, 0),
(47, 17, 2, 1, 0, 0, 0),
(48, 37, 2, 1, 0, 0, 0),
(49, 18, 2, 1, 0, 0, 0),
(50, 19, 2, 1, 0, 0, 0),
(51, 20, 2, 1, 0, 0, 0),
(52, 23, 2, 1, 0, 0, 0);

-- --------------------------------------------------------

--
-- Table structure for table `provinsi`
--

CREATE TABLE `provinsi` (
  `id_provinsi` int(11) NOT NULL,
  `nama_provinsi` varchar(255) CHARACTER SET utf8 DEFAULT NULL,
  `deleted_date` datetime DEFAULT NULL
) ENGINE=InnoDB DEFAULT CHARSET=utf16;

--
-- Dumping data for table `provinsi`
--

INSERT INTO `provinsi` (`id_provinsi`, `nama_provinsi`, `deleted_date`) VALUES
(1, 'ACEH', NULL),
(2, 'SUMATERA UTARA', NULL),
(3, 'SUMATERA BARAT', NULL),
(4, 'RIAU', NULL),
(5, 'JAMBI', NULL),
(6, 'SUMATERA SELATAN', NULL),
(7, 'BENGKULU', NULL),
(8, 'LAMPUNG', NULL),
(9, 'KEPULAUAN BANGKA BELITUNG', NULL),
(10, 'KEPULAUAN RIAU', NULL),
(11, 'DKI JAKARTA', NULL),
(12, 'JAWA BARAT', NULL),
(13, 'JAWA TENGAH', NULL),
(14, 'DI YOGYAKARTA', NULL),
(15, 'JAWA TIMUR', NULL),
(16, 'BANTEN', NULL),
(17, 'BALI', NULL),
(18, 'NUSA TENGGARA BARAT', NULL),
(19, 'NUSA TENGGARA TIMUR', NULL),
(20, 'KALIMANTAN BARAT', NULL),
(21, 'KALIMANTAN TENGAH', NULL),
(22, 'KALIMANTAN SELATAN', NULL),
(23, 'KALIMANTAN TIMUR', NULL),
(24, 'KALIMANTAN UTARA', NULL),
(25, 'SULAWESI UTARA', NULL),
(26, 'SULAWESI TENGAH', NULL),
(27, 'SULAWESI SELATAN', NULL),
(28, 'SULAWESI TENGGARA', NULL),
(29, 'GORONTALO', NULL),
(30, 'SULAWESI BARAT', NULL),
(31, 'MALUKU', NULL),
(32, 'MALUKU UTARA', NULL),
(33, 'PAPUA BARAT', NULL),
(34, 'PAPUA', NULL);

-- --------------------------------------------------------

--
-- Table structure for table `status_grup`
--

CREATE TABLE `status_grup` (
  `id_status` bigint(20) NOT NULL,
  `nama` varchar(300) DEFAULT NULL,
  `deleted_date` datetime DEFAULT NULL
) ENGINE=InnoDB DEFAULT CHARSET=utf8;

--
-- Dumping data for table `status_grup`
--

INSERT INTO `status_grup` (`id_status`, `nama`, `deleted_date`) VALUES
(1, 'Unread', NULL),
(2, 'Read', NULL),
(3, 'Aktif', NULL),
(4, 'Belum Aktif', NULL),
(5, 'Hidden', NULL),
(6, 'Publish', NULL),
(7, 'Batal', NULL),
(8, 'Non aktif', NULL),
(9, 'Pending', NULL),
(10, 'Proses Verifikasi', NULL),
(11, 'Approve', NULL),
(12, 'Belum Verifikasi', NULL),
(13, 'Belum Lunas', NULL),
(14, 'Lunas', NULL),
(15, 'Lolos', NULL),
(16, 'Belum Lolos', NULL),
(17, 'Open', NULL),
(18, 'Close', NULL),
(19, 'Proses Validasi', NULL),
(20, 'Belum Validasi', NULL),
(22, 'Belum Approve', NULL),
(23, 'Blokir', NULL);

-- --------------------------------------------------------

--
-- Table structure for table `sys_counter`
--

CREATE TABLE `sys_counter` (
  `sys_counter_id` bigint(20) UNSIGNED NOT NULL,
  `key` varchar(255) DEFAULT NULL,
  `counter` int(11) DEFAULT NULL,
  `created_date` datetime DEFAULT NULL,
  `updated_date` datetime DEFAULT NULL,
  `deleted_date` datetime DEFAULT NULL
) ENGINE=InnoDB DEFAULT CHARSET=utf8;

--
-- Dumping data for table `sys_counter`
--

INSERT INTO `sys_counter` (`sys_counter_id`, `key`, `counter`, `created_date`, `updated_date`, `deleted_date`) VALUES
(5, 'USR160921{nnn}', 1, '2021-09-16 20:45:42', NULL, NULL),
(6, 'PPJ071121{nnn}', 1, '2021-11-07 16:37:59', NULL, NULL),
(7, 'DKT071121{nnn}', 1, '2021-11-07 16:39:36', NULL, NULL),
(8, 'KNJ071121{nnn}', 1, '2021-11-07 16:40:46', NULL, NULL),
(9, 'USR081221{nnn}', 2, '2021-12-08 11:53:08', '2021-12-08 11:57:03', NULL),
(10, 'PPJ131221{nnn}', 1, '2021-12-13 16:13:00', NULL, NULL),
(11, 'DKT131221{nnn}', 2, '2021-12-13 16:39:25', '2021-12-13 22:20:47', NULL),
(12, 'PPJ141221{nnn}', 2, '2021-12-14 06:22:04', '2021-12-14 07:46:45', NULL),
(13, 'DKT141221{nnn}', 1, '2021-12-14 06:36:38', NULL, NULL),
(14, 'KNJ141221{nnn}', 1, '2021-12-14 06:42:26', NULL, NULL),
(15, 'PPJ191221{nnn}', 1, '2021-12-19 21:59:35', NULL, NULL),
(16, 'DKT191221{nnn}', 1, '2021-12-19 22:43:08', NULL, NULL),
(17, 'KNJ191221{nnn}', 1, '2021-12-19 23:22:58', NULL, NULL),
(18, 'USR201221{nnn}', 4, '2021-12-20 13:34:07', '2021-12-20 15:51:16', NULL),
(19, 'PPJ201221{nnn}', 2, '2021-12-20 13:42:30', '2021-12-20 14:57:04', NULL),
(20, 'DKT201221{nnn}', 2, '2021-12-20 14:01:13', '2021-12-20 14:57:38', NULL),
(21, 'KNJ201221{nnn}', 2, '2021-12-20 14:08:36', '2021-12-20 14:58:27', NULL),
(22, 'USR231221{nnn}', 5, '2021-12-23 08:16:09', '2021-12-23 10:04:58', NULL);

-- --------------------------------------------------------

--
-- Table structure for table `tbl_bantuan`
--

CREATE TABLE `tbl_bantuan` (
  `id_bantuan` bigint(20) NOT NULL,
  `judul_bantuan` varchar(300) DEFAULT NULL,
  `konten` text DEFAULT NULL,
  `deleted_date` datetime DEFAULT NULL
) ENGINE=InnoDB DEFAULT CHARSET=utf8;

-- --------------------------------------------------------

--
-- Table structure for table `tbl_broadcast`
--

CREATE TABLE `tbl_broadcast` (
  `id_broadcast` bigint(20) NOT NULL,
  `judul` varchar(300) DEFAULT NULL,
  `konten` text DEFAULT NULL,
  `created_date` datetime DEFAULT NULL,
  `created_by` varchar(300) DEFAULT NULL,
  `updated_date` datetime DEFAULT NULL,
  `updated_by` varchar(300) DEFAULT NULL,
  `deleted_date` datetime DEFAULT NULL
) ENGINE=InnoDB DEFAULT CHARSET=utf8;

--
-- Dumping data for table `tbl_broadcast`
--

INSERT INTO `tbl_broadcast` (`id_broadcast`, `judul`, `konten`, `created_date`, `created_by`, `updated_date`, `updated_by`, `deleted_date`) VALUES
(1, 'Kompetensi Penguji Berkala Kendaraan  Bermotor ', '<font color=\"#333333\"><span style=\"font-size: 16px;\">jenjang  keterampilan dan/ atau  keahlian yang diperoleh melalui pendidikan dan pelatihan penguji kendaraan bermotor  yang diselenggarakan oleh lembaga  pendidikan dan    pelatihan    yang    ditunjuk     oleh    Menteri,     dan dibuktikan dengan sertifikat kompetensi dan tanda kualifikasi teknis penguji kendaraan bermotor.</span></font>', '2021-09-11 18:37:29', 'superadmin', '2021-12-21 23:03:55', 'superadmin', NULL),
(10, 'diklat 1 buka', '<p>21 des 2021<br></p>', '2021-12-13 16:37:27', 'superadmin', '2021-12-13 16:37:27', 'superadmin', '2021-12-17 13:27:53'),
(11, 'dibuka diklat 1', '<p>21 des 2021</p>', '2021-12-14 06:35:30', 'superadmin', '2021-12-14 06:35:30', 'superadmin', '2021-12-17 13:27:59'),
(12, 'diklat', '<p>efdvfvvf</p>', '2021-12-17 13:29:26', 'superadmin', '2021-12-17 13:29:26', 'superadmin', '2021-12-17 13:29:43'),
(13, 'Pembukaan diklat tingakt 1', '<p>buka tgl 21</p>', '2021-12-19 19:15:23', 'superadmin', '2021-12-19 19:15:23', 'superadmin', '2021-12-19 19:15:38'),
(14, 'Pembukaan Diklat Tingklat 1', '<p>Pembukaan Diklat Tingkat 1 Tanggal 28 Januari 2022</p><p>Silahkan Lakukan Permohonan Melalui Aplikasi E KOMPETENSI</p>', '2021-12-19 19:16:50', 'superadmin', '2021-12-19 19:16:50', 'superadmin', '2021-12-20 08:13:38'),
(15, 'Pembuykaan Diklat Komptensi', '<p>tgl 12 januari 2021</p>', '2021-12-20 13:57:38', 'superadmin', '2021-12-20 13:57:38', 'superadmin', NULL),
(16, 'Pembukaan Kenaikan Jenjang', '<p>Tanggal 13 Januari 2021</p>', '2021-12-20 14:06:57', 'superadmin', '2021-12-20 14:06:57', 'superadmin', NULL);

-- --------------------------------------------------------

--
-- Table structure for table `tbl_bukti_pembayaran`
--

CREATE TABLE `tbl_bukti_pembayaran` (
  `id_pembayaran` bigint(20) NOT NULL,
  `id_user` bigint(20) DEFAULT NULL,
  `kode_pengajuan` varchar(300) DEFAULT NULL,
  `email` varchar(300) DEFAULT NULL,
  `kategori_pengajuan` varchar(300) NOT NULL,
  `keterangan` text DEFAULT NULL,
  `file_perintah` varchar(300) DEFAULT NULL,
  `nama_file_perintah` varchar(300) DEFAULT NULL,
  `file_pnbp` varchar(300) DEFAULT NULL,
  `nama_file_pnbp` varchar(300) DEFAULT NULL,
  `nama_file_upload` varchar(300) DEFAULT NULL,
  `file_upload_pembayaran` varchar(300) DEFAULT NULL,
  `file_stt` varchar(300) DEFAULT NULL,
  `nama_file_stt` varchar(300) DEFAULT NULL,
  `status` varchar(300) DEFAULT NULL,
  `status_baca` int(10) NOT NULL,
  `created_date` datetime DEFAULT NULL,
  `created_by` varchar(300) DEFAULT NULL,
  `updated_date` datetime DEFAULT NULL,
  `updated_by` varchar(300) DEFAULT NULL,
  `deleted_date` datetime DEFAULT NULL
) ENGINE=InnoDB DEFAULT CHARSET=utf8;

--
-- Dumping data for table `tbl_bukti_pembayaran`
--

INSERT INTO `tbl_bukti_pembayaran` (`id_pembayaran`, `id_user`, `kode_pengajuan`, `email`, `kategori_pengajuan`, `keterangan`, `file_perintah`, `nama_file_perintah`, `file_pnbp`, `nama_file_pnbp`, `nama_file_upload`, `file_upload_pembayaran`, `file_stt`, `nama_file_stt`, `status`, `status_baca`, `created_date`, `created_by`, `updated_date`, `updated_by`, `deleted_date`) VALUES
(2, 3, 'PPJ141221001', 'denysetyawan.0734010305@yahoo.com', 'perpanjangan', 'Pembayaran pengajuan perpanjangan Sertifikasi KomptensiPenguji Pemula', 'upload/berkas_pembayaran/20211214/', '', 'upload/berkas_pembayaran/20211214/', '', 'e971bb67ea0299b1e5298b714667c064.pdf', 'upload/berkas_pembayaran/e971bb67ea0299b1e5298b714667c064.pdf', NULL, NULL, 'Lunas', 1, '2021-12-14 06:26:26', 'System', '2021-12-14 06:29:01', 'Deny Setyawan', NULL),
(3, 1, 'PPJ141221002', 'wahyupunk10@gmail.com', 'perpanjangan', 'Pembayaran pengajuan perpanjangan Sertifikasi KomptensiPenguji Tingkat Empat', 'upload/berkas_pembayaran/20211214/', '', 'upload/berkas_pembayaran/20211214/', '', NULL, NULL, NULL, NULL, 'Belum Lunas', 1, '2021-12-14 07:53:36', 'System', NULL, NULL, '2021-12-18 09:47:36'),
(4, 1, 'PPJ141221002', 'wahyupunk10@gmail.com', 'perpanjangan', 'Pembayaran pengajuan perpanjangan Sertifikasi KomptensiPenguji Tingkat Empat', 'upload/berkas_pembayaran/', '', 'upload/berkas_pembayaran/', '', NULL, NULL, NULL, NULL, 'Belum Lunas', 1, '2021-12-14 08:04:07', 'System', NULL, NULL, '2021-12-18 09:47:41'),
(5, 1, 'PPJ141221002', 'wahyupunk10@gmail.com', 'perpanjangan', 'Pembayaran pengajuan perpanjangan Sertifikasi KomptensiPenguji Tingkat Empat', 'upload/berkas_pembayaran/', '', 'upload/berkas_pembayaran/', '', NULL, NULL, NULL, NULL, 'Belum Lunas', 1, '2021-12-14 12:58:16', 'System', NULL, NULL, '2021-12-18 09:47:45'),
(6, 1, 'PPJ141221002', 'wahyupunk10@gmail.com', 'perpanjangan', 'Pembayaran pengajuan perpanjangan Sertifikasi KomptensiPenguji Tingkat Empat', 'upload/berkas_pembayaran/', '', 'upload/berkas_pembayaran/', '', NULL, NULL, NULL, NULL, 'Belum Lunas', 1, '2021-12-14 13:06:01', 'System', NULL, NULL, '2021-12-18 09:47:50'),
(7, 1, 'PPJ141221002', 'wahyupunk10@gmail.com', 'perpanjangan', 'Pembayaran pengajuan perpanjangan Sertifikasi KomptensiPenguji Tingkat Empat', 'upload/berkas_pembayaran/bfefeb94481c86d6ded5e6fd7d90bb2a.pdf', 'bfefeb94481c86d6ded5e6fd7d90bb2a.pdf', 'upload/berkas_pembayaran/fbd9b733f48845fda67e38e1488006f9.pdf', 'fbd9b733f48845fda67e38e1488006f9.pdf', NULL, NULL, NULL, NULL, 'Belum Lunas', 1, '2021-12-14 14:11:40', 'System', NULL, NULL, NULL),
(8, 3, 'PPJ191221001', 'denysetyawan.0734010305@yahoo.com', 'perpanjangan', 'Pembayaran pengajuan perpanjangan Sertifikasi KomptensiPenguji Pemula', 'upload/berkas_pembayaran/92018ea3bc33fe3305895001715bae25.pdf', '92018ea3bc33fe3305895001715bae25.pdf', 'upload/berkas_pembayaran/c5286f5f766942e6231c844a487d79b2.pdf', 'c5286f5f766942e6231c844a487d79b2.pdf', NULL, NULL, NULL, NULL, 'Lunas', 0, '2021-12-19 22:58:20', 'System', NULL, NULL, '2021-12-19 23:10:39'),
(9, 4, 'PPJ201221001', 'cokreksmanivda@gmail.com', 'perpanjangan', 'Pembayaran pengajuan perpanjangan Sertifikasi KomptensiPenguji Pemula', 'upload/berkas_pembayaran/03f6e656cd8a17995c1ac04d904fb507.pdf', '03f6e656cd8a17995c1ac04d904fb507.pdf', 'upload/berkas_pembayaran/2d5d14fc6490037f3767fc0619a23ce2.pdf', '2d5d14fc6490037f3767fc0619a23ce2.pdf', 'b1caf4da1a1b481391a8047c204a1adb.pdf', 'upload/berkas_pembayaran/b1caf4da1a1b481391a8047c204a1adb.pdf', NULL, NULL, 'Lunas', 1, '2021-12-20 13:53:51', 'System', '2021-12-20 13:55:20', 'Desna Irawan', NULL);

-- --------------------------------------------------------

--
-- Table structure for table `tbl_config_menu`
--

CREATE TABLE `tbl_config_menu` (
  `id_config` bigint(20) NOT NULL,
  `nama_konfig` varchar(300) DEFAULT NULL,
  `status` varchar(300) DEFAULT NULL,
  `created_date` datetime DEFAULT NULL,
  `created_by` varchar(100) DEFAULT NULL,
  `updated_date` datetime DEFAULT NULL,
  `updated_by` varchar(100) DEFAULT NULL,
  `deleted_date` datetime DEFAULT NULL
) ENGINE=InnoDB DEFAULT CHARSET=utf8;

--
-- Dumping data for table `tbl_config_menu`
--

INSERT INTO `tbl_config_menu` (`id_config`, `nama_konfig`, `status`, `created_date`, `created_by`, `updated_date`, `updated_by`, `deleted_date`) VALUES
(1, 'Menu Diklat PKB', 'Open', '2021-09-01 21:09:57', 'superadmin', '2021-12-20 13:58:04', 'superadmin', NULL),
(2, 'Menu Peningkatan Jenjang', 'Open', '2021-09-01 21:09:57', 'superadmin', '2021-12-20 14:07:16', 'superadmin', NULL);

-- --------------------------------------------------------

--
-- Table structure for table `tbl_diklat`
--

CREATE TABLE `tbl_diklat` (
  `id_diklat` bigint(20) NOT NULL,
  `id_user` bigint(20) DEFAULT NULL,
  `id_kategori_diklat` bigint(20) DEFAULT NULL,
  `id_jenis_jenjang` bigint(20) DEFAULT NULL,
  `kode_pengajuan` varchar(300) DEFAULT NULL,
  `no_sertifikat` varchar(300) DEFAULT NULL,
  `no_reg` varchar(300) DEFAULT NULL,
  `status_pegawai` varchar(300) DEFAULT NULL,
  `nilai` varchar(300) DEFAULT NULL,
  `status_kelulusan` varchar(300) DEFAULT NULL,
  `email` varchar(300) DEFAULT NULL,
  `folder` varchar(300) DEFAULT NULL,
  `file_perintah` varchar(300) DEFAULT NULL,
  `nama_file_perintah` varchar(300) DEFAULT NULL,
  `file_pnbp` varchar(300) DEFAULT NULL,
  `nama_file_pnbp` varchar(300) DEFAULT NULL,
  `status_pengajuan` varchar(100) DEFAULT NULL,
  `keterangan_status` text DEFAULT NULL,
  `status_pembayaran` varchar(300) DEFAULT NULL,
  `tanggal` date DEFAULT NULL,
  `status_baca` int(10) NOT NULL,
  `tgl_ba` date DEFAULT NULL,
  `no_ba` varchar(300) DEFAULT NULL,
  `tgl_surat` date DEFAULT NULL,
  `no_surat` varchar(300) DEFAULT NULL,
  `catatan_diklat` text DEFAULT NULL,
  `catatan_validasi` text NOT NULL,
  `catatan_approve` text NOT NULL,
  `ttd_1` varchar(300) NOT NULL,
  `ttd_2` varchar(300) NOT NULL,
  `confirm_kasi` int(10) NOT NULL,
  `confirm_kabid` int(10) NOT NULL,
  `tgl_confirm_kasi` date NOT NULL,
  `tgl_confirm_kabid` date NOT NULL,
  `created_date` datetime DEFAULT NULL,
  `created_by` varchar(300) DEFAULT NULL,
  `updated_date` datetime DEFAULT NULL,
  `updated_by` varchar(300) DEFAULT NULL,
  `deleted_date` datetime DEFAULT NULL
) ENGINE=InnoDB DEFAULT CHARSET=utf8;

--
-- Dumping data for table `tbl_diklat`
--

INSERT INTO `tbl_diklat` (`id_diklat`, `id_user`, `id_kategori_diklat`, `id_jenis_jenjang`, `kode_pengajuan`, `no_sertifikat`, `no_reg`, `status_pegawai`, `nilai`, `status_kelulusan`, `email`, `folder`, `file_perintah`, `nama_file_perintah`, `file_pnbp`, `nama_file_pnbp`, `status_pengajuan`, `keterangan_status`, `status_pembayaran`, `tanggal`, `status_baca`, `tgl_ba`, `no_ba`, `tgl_surat`, `no_surat`, `catatan_diklat`, `catatan_validasi`, `catatan_approve`, `ttd_1`, `ttd_2`, `confirm_kasi`, `confirm_kabid`, `tgl_confirm_kasi`, `tgl_confirm_kabid`, `created_date`, `created_by`, `updated_date`, `updated_by`, `deleted_date`) VALUES
(4, 3, 3, NULL, 'DKT131221002', NULL, NULL, NULL, NULL, NULL, 'denysetyawan.0734010305@yahoo.com', '20211213/f7fa98517cd9bfc277d5b39f2825da37', NULL, NULL, NULL, NULL, 'Pending', 'user <b>Deny Setyawan</b> Sedang melakukan proses pengajuan untuk mengikuti Diklat PKB Dasar ke sistem E-Kompetensi', NULL, '2021-12-13', 0, '2021-12-13', NULL, '2021-12-13', NULL, NULL, '', '', '', '', 0, 0, '0000-00-00', '0000-00-00', '2021-12-13 22:20:47', 'Deny Setyawan', '2021-12-13 22:20:47', 'Deny Setyawan', '2021-12-14 06:37:12'),
(5, 3, 5, 1, 'DKT141221001', '133', '035.015.PMT.01.081221002', NULL, '76', 'Lulus', 'denysetyawan.0734010305@yahoo.com', '20211214/823ae69c1ff66ced02629342f7135435', NULL, NULL, NULL, NULL, 'Lolos', 'user <b>Deny Setyawan</b> untuk proses Diklat PKB Dasar telah di nyatakan Lolos oleh admin sistem Kompetensi.dan akan dimasukan ke daftar list calon peserta diklat.', NULL, '2021-12-14', 0, '2021-12-14', '345', '2021-12-14', NULL, NULL, '', '', '', '', 0, 0, '0000-00-00', '0000-00-00', '2021-12-14 06:36:38', 'Deny Setyawan', '2021-12-14 06:38:57', 'superadmin', NULL),
(6, 3, 5, NULL, 'DKT191221001', '313131', '035.015.PMT.01.081221002', NULL, '79', 'Lulus', 'denysetyawan.0734010305@yahoo.com', '20211219/75de90d874d470a41d879a5528505351', NULL, NULL, NULL, NULL, 'Lolos', 'user <b>Deny Setyawan</b> untuk proses Diklat PKB Lanjutan 2 telah di nyatakan Lolos oleh admin sistem Kompetensi.dan akan dimasukan ke daftar list calon peserta diklat.', NULL, '2021-12-19', 0, '2021-12-19', '4434343', '2021-12-19', NULL, NULL, '', '', '', '', 0, 0, '0000-00-00', '0000-00-00', '2021-12-19 22:43:08', 'Deny Setyawan', '2021-12-19 23:16:52', 'superadmin', NULL),
(7, 4, 2, NULL, 'DKT201221001', '3455', '035.015.PP2.01.201221001', NULL, '76.2', 'Lulus', 'cokreksmanivda@gmail.com', '20211220/71a1b841cfbeb56359e7e90f09821e77', NULL, NULL, NULL, NULL, 'Lolos', 'user <b>Desna Irawan</b> untuk proses Diklat PKB Dasar telah di nyatakan Lolos oleh admin sistem Kompetensi.dan akan dimasukan ke daftar list calon peserta diklat.', NULL, '2021-12-20', 0, '2021-12-20', '456/kemenhub/2021', '2021-12-20', NULL, NULL, '', '', '', '', 0, 0, '0000-00-00', '0000-00-00', '2021-12-20 14:01:13', 'Desna Irawan', '2021-12-20 14:05:45', 'superadmin', NULL),
(8, 1, 7, NULL, 'DKT201221002', NULL, NULL, NULL, NULL, NULL, 'wahyupunk10@gmail.com', '20211220/507661f722c96ccd7cd0bd386e90269d', NULL, NULL, NULL, NULL, 'Pending', 'user <b>Moch Wahyu Sugiarto</b> Sedang melakukan proses pengajuan untuk mengikuti Diklat PKB Lanjutan 3 ke sistem E-Kompetensi', NULL, '2021-12-20', 0, '2021-12-20', NULL, '2021-12-20', NULL, NULL, '', '', '', '', 0, 0, '0000-00-00', '0000-00-00', '2021-12-20 14:57:38', 'Moch Wahyu Sugiarto', '2021-12-20 14:57:38', 'Moch Wahyu Sugiarto', NULL);

-- --------------------------------------------------------

--
-- Table structure for table `tbl_history`
--

CREATE TABLE `tbl_history` (
  `id_history` bigint(20) NOT NULL,
  `id_user` bigint(20) DEFAULT NULL,
  `kode_pengajuan` varchar(300) DEFAULT NULL,
  `keterangan_status` text DEFAULT NULL,
  `status` varchar(300) DEFAULT NULL,
  `status_baca` int(11) NOT NULL,
  `created_date` datetime DEFAULT NULL,
  `created_by` varchar(300) DEFAULT NULL,
  `deleted_date` datetime DEFAULT NULL
) ENGINE=InnoDB DEFAULT CHARSET=utf8;

--
-- Dumping data for table `tbl_history`
--

INSERT INTO `tbl_history` (`id_history`, `id_user`, `kode_pengajuan`, `keterangan_status`, `status`, `status_baca`, `created_date`, `created_by`, `deleted_date`) VALUES
(4, 1, 'PPJ071121001', 'user <b>Moch Wahyu Sugiarto</b> Sedang melakukan proses perpanjangan kompetensi tingkat Penguji Pemula ke sistem E-Kompetensi', 'Pending', 1, '2021-11-07 16:37:59', 'System', NULL),
(5, 1, 'DKT071121001', 'user <b>Moch Wahyu Sugiarto</b> Sedang melakukan proses pengajuan untuk mengikuti Diklat PKB Lanjutan 1 ke sistem E-Kompetensi', 'Pending', 1, '2021-11-07 16:39:36', 'System', NULL),
(6, 1, 'KNJ071121001', 'user <b>Moch Wahyu Sugiarto</b> Sedang melakukan pengajuan untuk mengikuti proses Kenaikan Jenjang Penguji Pemula ke sistem E-Kompetensi', 'Pending', 1, '2021-11-07 16:40:46', 'System', NULL),
(7, 1, 'PPJ071121001', 'Pengajuan user <b>Moch Wahyu Sugiarto</b> untuk proses perpanjangan Kompetensi tingkat Penguji Pemula Sedang di Proses Verifikasi oleh admin sistem E-Kompetensi', 'Proses Verifikasi', 1, '2021-11-07 22:47:33', 'System', NULL),
(8, 1, 'PPJ071121001', 'Pengajuan user <b>Moch Wahyu Sugiarto</b> untuk proses perpanjangan Kompetensi tingkat Penguji Pemula Sedang di Proses Verifikasi oleh admin sistem E-Kompetensi', 'Proses Verifikasi', 1, '2021-11-07 22:48:25', 'System', NULL),
(9, 1, 'PPJ071121001', 'Pengajuan user <b>Moch Wahyu Sugiarto</b> untuk proses perpanjangan Kompetensi tingkat Penguji Pemula Sedang di Proses Verifikasi oleh admin sistem E-Kompetensi', 'Proses Verifikasi', 1, '2021-11-07 22:51:50', 'System', NULL),
(10, 1, 'PPJ071121001', 'Pengajuan user <b>Moch Wahyu Sugiarto</b> untuk proses perpanjangan Kompetensi tingkat Penguji Pemula Sedang di Proses Verifikasi oleh admin sistem E-Kompetensi', 'Proses Verifikasi', 1, '2021-11-07 22:52:43', 'System', NULL),
(11, 1, 'PPJ071121001', 'Pengajuan user <b>Moch Wahyu Sugiarto</b> untuk proses perpanjangan Kompetensi tingkat Penguji Pemula Sedang di Proses Verifikasi oleh admin sistem E-Kompetensi', 'Proses Verifikasi', 1, '2021-11-07 22:54:25', 'System', NULL),
(12, 3, 'PPJ131221001', 'user <b>Deny Setyawan</b> Sedang melakukan proses perpanjangan kompetensi tingkat Penguji Tingkat Dua ke sistem E-Kompetensi', 'Pending', 1, '2021-12-13 16:13:00', 'System', NULL),
(13, 3, 'PPJ131221001', 'Pengajuan user <b>Deny Setyawan</b> untuk proses perpanjangan Kompetensi tingkat Penguji Tingkat Dua Sedang di Proses Verifikasi oleh admin sistem E-Kompetensi', 'Proses Verifikasi', 1, '2021-12-13 16:13:37', 'System', NULL),
(14, 3, 'PPJ131221001', 'Pengajuan user <b>Deny Setyawan</b> untuk proses perpanjangan Kompetensi tingkat Penguji Tingkat Dua sedang di Proses Validasi oleh admin sistem Kompetensi', 'Proses Validasi', 1, '2021-12-13 16:19:41', 'System', NULL),
(15, 3, 'PPJ131221001', 'Pengajuan user <b>Deny Setyawan</b> untuk proses perpanjangan Kompetensi tingkat Penguji Tingkat Dua telah di Approve oleh admin sistem Kompetensi.dan akan segera mendapatkan pembayaran Biling PNBP di email anda.', 'Approve', 1, '2021-12-13 16:20:49', 'System', NULL),
(16, 3, 'PPJ131221001', 'user <b>Deny Setyawan</b> Sedang melakukan proses upload pembayaran Billing PNBP ke sistem E-Kompetensi', 'Melakukan Pembayaran', 1, '2021-12-13 16:30:17', 'System', NULL),
(17, 3, 'PPJ131221001', 'Pembayaran Billing PNBP user <b>Deny Setyawan</b> sudah lunas dan sertifikat Kompetensi akan segera di kirim ke tempat anda. ', 'Pembayaran sudah lunas', 1, '2021-12-13 16:32:00', 'System', NULL),
(18, 3, 'DKT131221001', 'user <b>Deny Setyawan</b> Sedang melakukan proses pengajuan untuk mengikuti Diklat PKB Dasar ke sistem E-Kompetensi', 'Pending', 1, '2021-12-13 16:39:25', 'System', NULL),
(19, 3, 'DKT131221001', 'Pengajuan user <b>Deny Setyawan</b> untuk proses Diklat PKB Dasar Sedang di Proses Verifikasi oleh admin sistem E-Kompetensi', 'Proses Verifikasi', 1, '2021-12-13 16:39:48', 'System', NULL),
(20, 3, 'DKT131221001', 'Pengajuan user <b>Deny Setyawan</b> untuk proses Diklat PKB Dasar sedang di Proses Validasi oleh admin sistem Kompetensi.', 'Proses Validasi', 1, '2021-12-13 16:40:47', 'System', NULL),
(21, 3, 'DKT131221001', 'user <b>Deny Setyawan</b> untuk proses Diklat PKB Dasar telah di nyatakan Lolos oleh admin sistem Kompetensi.dan akan dimasukan ke daftar list calon peserta diklat.', 'Lolos', 1, '2021-12-13 16:42:28', 'System', NULL),
(22, 3, 'DKT131221002', 'user <b>Deny Setyawan</b> Sedang melakukan proses pengajuan untuk mengikuti Diklat PKB Dasar ke sistem E-Kompetensi', 'Pending', 1, '2021-12-13 22:20:47', 'System', '2021-12-14 06:37:12'),
(23, 3, 'PPJ141221001', 'user <b>Deny Setyawan</b> Sedang melakukan proses perpanjangan kompetensi tingkat Penguji Pemula ke sistem E-Kompetensi', 'Pending', 1, '2021-12-14 06:22:04', 'System', NULL),
(24, 3, 'PPJ141221001', 'Pengajuan user <b>Deny Setyawan</b> untuk proses perpanjangan Kompetensi tingkat Penguji Pemula Sedang di Proses Verifikasi oleh admin sistem E-Kompetensi', 'Proses Verifikasi', 1, '2021-12-14 06:22:30', 'System', NULL),
(25, 3, 'PPJ141221001', 'Pengajuan user <b>Deny Setyawan</b> untuk proses perpanjangan Kompetensi tingkat Penguji Pemula sedang di Proses Validasi oleh admin sistem Kompetensi', 'Proses Validasi', 1, '2021-12-14 06:23:06', 'System', NULL),
(26, 3, 'PPJ141221001', 'Pengajuan user <b>Deny Setyawan</b> untuk proses perpanjangan Kompetensi tingkat Penguji Pemula telah di Approve oleh admin sistem Kompetensi.dan akan segera mendapatkan pembayaran Biling PNBP di email anda.', 'Approve', 1, '2021-12-14 06:23:51', 'System', NULL),
(27, 3, 'PPJ141221001', 'user <b>Deny Setyawan</b> Sedang melakukan proses upload pembayaran Billing PNBP ke sistem E-Kompetensi', 'Melakukan Pembayaran', 1, '2021-12-14 06:29:01', 'System', NULL),
(28, 3, 'PPJ141221001', 'Pembayaran Billing PNBP user <b>Deny Setyawan</b> sudah lunas dan sertifikat Kompetensi akan segera di kirim ke tempat anda. ', 'Pembayaran sudah lunas', 1, '2021-12-14 06:33:53', 'System', NULL),
(29, 3, 'DKT141221001', 'user <b>Deny Setyawan</b> Sedang melakukan proses pengajuan untuk mengikuti Diklat PKB Dasar ke sistem E-Kompetensi', 'Pending', 1, '2021-12-14 06:36:38', 'System', NULL),
(30, 3, 'DKT141221001', 'Pengajuan user <b>Deny Setyawan</b> untuk proses Diklat PKB Dasar Sedang di Proses Verifikasi oleh admin sistem E-Kompetensi', 'Proses Verifikasi', 1, '2021-12-14 06:37:23', 'System', NULL),
(31, 3, 'DKT141221001', 'Pengajuan user <b>Deny Setyawan</b> untuk proses Diklat PKB Dasar sedang di Proses Validasi oleh admin sistem Kompetensi.', 'Proses Validasi', 1, '2021-12-14 06:37:57', 'System', NULL),
(32, 3, 'DKT141221001', 'user <b>Deny Setyawan</b> untuk proses Diklat PKB Dasar telah di nyatakan Lolos oleh admin sistem Kompetensi.dan akan dimasukan ke daftar list calon peserta diklat.', 'Lolos', 1, '2021-12-14 06:38:36', 'System', NULL),
(33, 3, 'KNJ141221001', 'user <b>Deny Setyawan</b> Sedang melakukan pengajuan untuk mengikuti proses Kenaikan Jenjang Penguji Pemula ke sistem E-Kompetensi', 'Pending', 1, '2021-12-14 06:42:26', 'System', NULL),
(34, 3, 'KNJ141221001', 'Pengajuan user <b>Deny Setyawan</b> untuk proses Pengajuan Kenaikan Jenjang Penguji Pemula Sedang di Proses Verifikasi oleh admin sistem E-Kompetensi', 'Proses Verifikasi', 1, '2021-12-14 06:42:44', 'System', NULL),
(35, 3, 'KNJ141221001', 'Pengajuan user <b>Deny Setyawan</b> untuk proses Kenaikan Jenjang  Penguji Pemula sedang di Proses Validasi oleh admin sistem Kompetensi', 'Proses Validasi', 1, '2021-12-14 06:43:11', 'System', NULL),
(36, 3, 'KNJ141221001', 'user <b>Deny Setyawan</b> untuk proses Pengajuan Kenaikan Jenjang Penguji Pemula telah di nyatakan Lolos oleh admin sistem Kompetensi.dan akan dimasukan ke daftar list calon peserta uji kompetensi.', 'Lolos', 1, '2021-12-14 06:43:32', 'System', NULL),
(37, 1, 'PPJ141221002', 'user <b>Moch Wahyu Sugiarto</b> Sedang melakukan proses perpanjangan kompetensi tingkat Penguji Tingkat Empat ke sistem E-Kompetensi', 'Pending', 1, '2021-12-14 07:46:45', 'System', NULL),
(38, 1, 'PPJ141221002', 'Pengajuan user <b>Moch Wahyu Sugiarto</b> untuk proses perpanjangan Kompetensi tingkat Penguji Tingkat Empat Sedang di Proses Verifikasi oleh admin sistem E-Kompetensi', 'Proses Verifikasi', 1, '2021-12-14 07:47:21', 'System', NULL),
(39, 1, 'PPJ141221002', 'Pengajuan user <b>Moch Wahyu Sugiarto</b> untuk proses perpanjangan Kompetensi tingkat Penguji Tingkat Empat sedang di Proses Validasi oleh admin sistem Kompetensi', 'Proses Validasi', 1, '2021-12-14 07:48:11', 'System', NULL),
(40, 1, 'PPJ141221002', 'Pengajuan user <b>Moch Wahyu Sugiarto</b> untuk proses perpanjangan Kompetensi tingkat Penguji Tingkat Empat telah di Approve oleh admin sistem Kompetensi.dan akan segera mendapatkan pembayaran Biling PNBP di email anda.', 'Approve', 1, '2021-12-14 07:48:30', 'System', NULL),
(41, 3, 'PPJ191221001', 'user <b>Deny Setyawan</b> Sedang melakukan proses perpanjangan kompetensi tingkat Penguji Pemula ke sistem E-Kompetensi', 'Pending', 1, '2021-12-19 21:59:35', 'System', NULL),
(42, 3, 'DKT191221001', 'user <b>Deny Setyawan</b> Sedang melakukan proses pengajuan untuk mengikuti Diklat PKB Lanjutan 2 ke sistem E-Kompetensi', 'Pending', 0, '2021-12-19 22:43:08', 'System', NULL),
(43, 3, 'PPJ191221001', 'Pengajuan user <b>Deny Setyawan</b> untuk proses perpanjangan Kompetensi tingkat Penguji Pemula Sedang di Proses Verifikasi oleh admin sistem E-Kompetensi', 'Proses Verifikasi', 0, '2021-12-19 22:49:44', 'System', NULL),
(44, 3, 'PPJ191221001', 'Pengajuan user <b>Deny Setyawan</b> untuk proses perpanjangan Kompetensi tingkat Penguji Pemula sedang di Proses Validasi oleh admin sistem Kompetensi', 'Proses Validasi', 0, '2021-12-19 22:55:09', 'System', NULL),
(45, 3, 'PPJ191221001', 'Pengajuan user <b>Deny Setyawan</b> untuk proses perpanjangan Kompetensi tingkat Penguji Pemula telah di Approve oleh admin sistem Kompetensi.dan akan segera mendapatkan pembayaran Biling PNBP di email anda.', 'Approve', 0, '2021-12-19 22:55:40', 'System', NULL),
(46, 3, 'PPJ191221001', 'Pembayaran Billing PNBP user <b>Deny Setyawan</b> sudah lunas dan sertifikat Kompetensi akan segera di kirim ke tempat anda. ', 'Pembayaran sudah lunas', 0, '2021-12-19 23:07:38', 'System', NULL),
(47, 3, 'DKT191221001', 'Pengajuan user <b>Deny Setyawan</b> untuk proses Diklat PKB Lanjutan 2 Sedang di Proses Verifikasi oleh admin sistem E-Kompetensi', 'Proses Verifikasi', 0, '2021-12-19 23:13:31', 'System', NULL),
(48, 3, 'DKT191221001', 'Pengajuan user <b>Deny Setyawan</b> untuk proses Diklat PKB Lanjutan 2 sedang di Proses Validasi oleh admin sistem Kompetensi.', 'Proses Validasi', 0, '2021-12-19 23:15:40', 'System', NULL),
(49, 3, 'DKT191221001', 'user <b>Deny Setyawan</b> untuk proses Diklat PKB Lanjutan 2 telah di nyatakan Lolos oleh admin sistem Kompetensi.dan akan dimasukan ke daftar list calon peserta diklat.', 'Lolos', 0, '2021-12-19 23:16:07', 'System', NULL),
(50, 3, 'KNJ191221001', 'user <b>Deny Setyawan</b> Sedang melakukan pengajuan untuk mengikuti proses Kenaikan Jenjang Penguji Tingkat Tiga ke sistem E-Kompetensi', 'Pending', 0, '2021-12-19 23:22:58', 'System', NULL),
(51, 3, 'KNJ191221001', 'Pengajuan user <b>Deny Setyawan</b> untuk proses Pengajuan Kenaikan Jenjang Penguji Tingkat Tiga Sedang di Proses Verifikasi oleh admin sistem E-Kompetensi', 'Proses Verifikasi', 0, '2021-12-19 23:23:52', 'System', NULL),
(52, 3, 'KNJ191221001', 'Pengajuan user <b>Deny Setyawan</b> untuk proses Pengajuan Kenaikan Jenjang Penguji Tingkat Tiga Sedang di Proses Verifikasi oleh admin sistem E-Kompetensi', 'Proses Verifikasi', 0, '2021-12-19 23:24:01', 'System', NULL),
(53, 3, 'KNJ191221001', 'Pengajuan user <b>Deny Setyawan</b> untuk proses Kenaikan Jenjang  Penguji Tingkat Tiga sedang di Proses Validasi oleh admin sistem Kompetensi', 'Proses Validasi', 0, '2021-12-19 23:27:26', 'System', NULL),
(54, 3, 'KNJ191221001', 'user <b>Deny Setyawan</b> untuk proses Pengajuan Kenaikan Jenjang Penguji Tingkat Tiga telah di nyatakan Lolos oleh admin sistem Kompetensi.dan akan dimasukan ke daftar list calon peserta uji kompetensi.', 'Lolos', 0, '2021-12-19 23:27:37', 'System', NULL),
(55, 4, 'PPJ201221001', 'user <b>Desna Irawan</b> Sedang melakukan proses perpanjangan kompetensi tingkat Penguji Pemula ke sistem E-Kompetensi', 'Pending', 1, '2021-12-20 13:42:30', 'System', NULL),
(56, 4, 'PPJ201221001', 'Pengajuan user <b>Desna Irawan</b> untuk proses perpanjangan Kompetensi tingkat Penguji Pemula Sedang di Proses Verifikasi oleh admin sistem E-Kompetensi', 'Proses Verifikasi', 1, '2021-12-20 13:44:41', 'System', NULL),
(57, 4, 'PPJ201221001', 'Pengajuan user <b>Desna Irawan</b> untuk proses perpanjangan Kompetensi tingkat Penguji Pemula sedang di Proses Validasi oleh admin sistem Kompetensi', 'Proses Validasi', 1, '2021-12-20 13:47:51', 'System', NULL),
(58, 4, 'PPJ201221001', 'Pengajuan user <b>Desna Irawan</b> untuk proses perpanjangan Kompetensi tingkat Penguji Pemula telah di Approve oleh admin sistem Kompetensi.dan akan segera mendapatkan pembayaran Biling PNBP di email anda.', 'Approve', 1, '2021-12-20 13:52:00', 'System', NULL),
(59, 4, 'PPJ201221001', 'user <b>Desna Irawan</b> Sedang melakukan proses upload pembayaran Billing PNBP ke sistem E-Kompetensi', 'Melakukan Pembayaran', 1, '2021-12-20 13:55:20', 'System', NULL),
(60, 4, 'PPJ201221001', 'Pembayaran Billing PNBP user <b>Desna Irawan</b> sudah lunas dan sertifikat Kompetensi akan segera di kirim ke tempat anda. ', 'Pembayaran sudah lunas', 1, '2021-12-20 13:56:11', 'System', NULL),
(61, 4, 'DKT201221001', 'user <b>Desna Irawan</b> Sedang melakukan proses pengajuan untuk mengikuti Diklat PKB Dasar ke sistem E-Kompetensi', 'Pending', 1, '2021-12-20 14:01:13', 'System', NULL),
(62, 4, 'DKT201221001', 'Pengajuan user <b>Desna Irawan</b> untuk proses Diklat PKB Dasar Sedang di Proses Verifikasi oleh admin sistem E-Kompetensi', 'Proses Verifikasi', 1, '2021-12-20 14:02:26', 'System', NULL),
(63, 4, 'DKT201221001', 'Pengajuan user <b>Desna Irawan</b> untuk proses Diklat PKB Dasar sedang di Proses Validasi oleh admin sistem Kompetensi.', 'Proses Validasi', 1, '2021-12-20 14:03:34', 'System', NULL),
(64, 4, 'DKT201221001', 'user <b>Desna Irawan</b> untuk proses Diklat PKB Dasar telah di nyatakan Lolos oleh admin sistem Kompetensi.dan akan dimasukan ke daftar list calon peserta diklat.', 'Lolos', 1, '2021-12-20 14:04:36', 'System', NULL),
(65, 4, 'KNJ201221001', 'user <b>Desna Irawan</b> Sedang melakukan pengajuan untuk mengikuti proses Kenaikan Jenjang Penguji Pemula ke sistem E-Kompetensi', 'Pending', 1, '2021-12-20 14:08:36', 'System', NULL),
(66, 4, 'KNJ201221001', 'Pengajuan user <b>Desna Irawan</b> untuk proses Pengajuan Kenaikan Jenjang Penguji Pemula Sedang di Proses Verifikasi oleh admin sistem E-Kompetensi', 'Proses Verifikasi', 1, '2021-12-20 14:10:34', 'System', NULL),
(67, 4, 'KNJ201221001', 'Pengajuan user <b>Desna Irawan</b> untuk proses Kenaikan Jenjang  Penguji Pemula sedang di Proses Validasi oleh admin sistem Kompetensi', 'Proses Validasi', 1, '2021-12-20 14:11:57', 'System', NULL),
(68, 4, 'KNJ201221001', 'user <b>Desna Irawan</b> untuk proses Pengajuan Kenaikan Jenjang Penguji Pemula telah di nyatakan Lolos oleh admin sistem Kompetensi.dan akan dimasukan ke daftar list calon peserta uji kompetensi.', 'Lolos', 1, '2021-12-20 14:12:32', 'System', NULL),
(69, 1, 'PPJ201221002', 'user <b>Moch Wahyu Sugiarto</b> Sedang melakukan proses perpanjangan kompetensi tingkat Penguji Tingkat Empat ke sistem E-Kompetensi', 'Pending', 0, '2021-12-20 14:57:04', 'System', NULL),
(70, 1, 'DKT201221002', 'user <b>Moch Wahyu Sugiarto</b> Sedang melakukan proses pengajuan untuk mengikuti Diklat PKB Lanjutan 3 ke sistem E-Kompetensi', 'Pending', 0, '2021-12-20 14:57:38', 'System', NULL),
(71, 1, 'KNJ201221002', 'user <b>Moch Wahyu Sugiarto</b> Sedang melakukan pengajuan untuk mengikuti proses Kenaikan Jenjang Penguji Tingkat Empat ke sistem E-Kompetensi', 'Pending', 0, '2021-12-20 14:58:27', 'System', NULL),
(72, 1, NULL, 'Selamat datang <b></b> akun anda sekarang sudah aktif !', NULL, 0, '2021-12-21 22:52:18', 'System', NULL),
(73, 1, NULL, 'Selamat datang <b></b> akun anda sekarang sudah aktif !', NULL, 0, '2021-12-21 23:01:50', 'System', NULL);

-- --------------------------------------------------------

--
-- Table structure for table `tbl_history_diklat`
--

CREATE TABLE `tbl_history_diklat` (
  `id_history_diklat` bigint(20) NOT NULL,
  `id_user` bigint(20) DEFAULT NULL,
  `id_kategori_diklat` bigint(20) DEFAULT NULL,
  `kode_pengajuan` varchar(300) DEFAULT NULL,
  `jenis_diklat` varchar(300) DEFAULT NULL,
  `ne1` varchar(300) DEFAULT NULL,
  `na1` varchar(300) DEFAULT NULL,
  `ne2` varchar(300) DEFAULT NULL,
  `na2` varchar(300) DEFAULT NULL,
  `ne3` varchar(300) DEFAULT NULL,
  `na3` varchar(300) DEFAULT NULL,
  `kumulatif` varchar(300) DEFAULT NULL,
  `status` varchar(300) DEFAULT NULL,
  `created_date` datetime DEFAULT NULL,
  `created_by` varchar(300) DEFAULT NULL,
  `deleted_date` datetime DEFAULT NULL
) ENGINE=InnoDB DEFAULT CHARSET=utf8;

--
-- Dumping data for table `tbl_history_diklat`
--

INSERT INTO `tbl_history_diklat` (`id_history_diklat`, `id_user`, `id_kategori_diklat`, `kode_pengajuan`, `jenis_diklat`, `ne1`, `na1`, `ne2`, `na2`, `ne3`, `na3`, `kumulatif`, `status`, `created_date`, `created_by`, `deleted_date`) VALUES
(4, 3, 3, 'DKT141221001', NULL, '80', '24.0', '80', '24.0', '70', '28.0', '76', 'Lulus', '2021-12-14 06:38:57', 'System', NULL),
(6, 3, 5, 'DKT191221001', NULL, '80', '24.0', '80', '24.0', '60', '24.0', '72', 'Tidak Lulus', '2021-12-19 23:16:32', 'System', NULL),
(7, 3, 5, 'DKT191221001', NULL, '90', '27.0', '80', '24.0', '70', '28.0', '79', 'Lulus', '2021-12-19 23:16:52', 'System', NULL),
(8, 4, 2, 'DKT201221001', NULL, '80', '24.0', '70', '21.0', '78', '31.2', '76.2', 'Lulus', '2021-12-20 14:05:45', 'System', NULL);

-- --------------------------------------------------------

--
-- Table structure for table `tbl_history_diklat_help`
--

CREATE TABLE `tbl_history_diklat_help` (
  `id_history` bigint(255) NOT NULL,
  `id_user` bigint(255) NOT NULL,
  `kode_pengajuan` varchar(500) NOT NULL,
  `keterangan_status` text NOT NULL,
  `status` varchar(100) NOT NULL,
  `status_baca` int(11) NOT NULL,
  `created_date` datetime NOT NULL,
  `created_by` varchar(300) NOT NULL,
  `deleted_date` datetime NOT NULL
) ENGINE=MyISAM DEFAULT CHARSET=latin1;

--
-- Dumping data for table `tbl_history_diklat_help`
--

INSERT INTO `tbl_history_diklat_help` (`id_history`, `id_user`, `kode_pengajuan`, `keterangan_status`, `status`, `status_baca`, `created_date`, `created_by`, `deleted_date`) VALUES
(1, 3, 'DKT131221002', 'user <b>Deny Setyawan</b> Sedang melakukan proses pengajuan untuk mengikuti Diklat PKB Dasar ke sistem E-Kompetensi', 'Pending', 1, '2021-12-13 22:20:47', 'System', '0000-00-00 00:00:00'),
(2, 3, 'DKT141221001', 'user <b>Deny Setyawan</b> Sedang melakukan proses pengajuan untuk mengikuti Diklat PKB Dasar ke sistem E-Kompetensi', 'Pending', 1, '2021-12-14 06:36:38', 'System', '0000-00-00 00:00:00'),
(3, 3, 'DKT141221001', 'Pengajuan user <b>Deny Setyawan</b> untuk proses Diklat PKB Dasar Sedang di Proses Verifikasi oleh admin sistem E-Kompetensi', 'Proses Verifikasi', 1, '2021-12-14 06:37:23', 'System', '0000-00-00 00:00:00'),
(4, 3, 'DKT141221001', 'Pengajuan user <b>Deny Setyawan</b> untuk proses Diklat PKB Dasar sedang di Proses Validasi oleh admin sistem Kompetensi.', 'Proses Validasi', 1, '2021-12-14 06:37:57', 'System', '0000-00-00 00:00:00'),
(5, 3, 'DKT141221001', 'user <b>Deny Setyawan</b> untuk proses Diklat PKB Dasar telah di nyatakan Lolos oleh admin sistem Kompetensi.dan akan dimasukan ke daftar list calon peserta diklat.', 'Lolos', 1, '2021-12-14 06:38:36', 'System', '0000-00-00 00:00:00'),
(6, 3, 'DKT191221001', 'user <b>Deny Setyawan</b> Sedang melakukan proses pengajuan untuk mengikuti Diklat PKB Lanjutan 2 ke sistem E-Kompetensi', 'Pending', 1, '2021-12-19 22:43:08', 'System', '0000-00-00 00:00:00'),
(7, 3, 'DKT191221001', 'Pengajuan user <b>Deny Setyawan</b> untuk proses Diklat PKB Lanjutan 2 Sedang di Proses Verifikasi oleh admin sistem E-Kompetensi', 'Proses Verifikasi', 1, '2021-12-19 23:13:31', 'System', '0000-00-00 00:00:00'),
(8, 3, 'DKT191221001', 'Pengajuan user <b>Deny Setyawan</b> untuk proses Diklat PKB Lanjutan 2 sedang di Proses Validasi oleh admin sistem Kompetensi.', 'Proses Validasi', 1, '2021-12-19 23:15:40', 'System', '0000-00-00 00:00:00'),
(9, 3, 'DKT191221001', 'user <b>Deny Setyawan</b> untuk proses Diklat PKB Lanjutan 2 telah di nyatakan Lolos oleh admin sistem Kompetensi.dan akan dimasukan ke daftar list calon peserta diklat.', 'Lolos', 1, '2021-12-19 23:16:07', 'System', '0000-00-00 00:00:00'),
(10, 4, 'DKT201221001', 'user <b>Desna Irawan</b> Sedang melakukan proses pengajuan untuk mengikuti Diklat PKB Dasar ke sistem E-Kompetensi', 'Pending', 1, '2021-12-20 14:01:13', 'System', '0000-00-00 00:00:00'),
(11, 4, 'DKT201221001', 'Pengajuan user <b>Desna Irawan</b> untuk proses Diklat PKB Dasar Sedang di Proses Verifikasi oleh admin sistem E-Kompetensi', 'Proses Verifikasi', 1, '2021-12-20 14:02:26', 'System', '0000-00-00 00:00:00'),
(12, 4, 'DKT201221001', 'Pengajuan user <b>Desna Irawan</b> untuk proses Diklat PKB Dasar sedang di Proses Validasi oleh admin sistem Kompetensi.', 'Proses Validasi', 1, '2021-12-20 14:03:34', 'System', '0000-00-00 00:00:00'),
(13, 4, 'DKT201221001', 'user <b>Desna Irawan</b> untuk proses Diklat PKB Dasar telah di nyatakan Lolos oleh admin sistem Kompetensi.dan akan dimasukan ke daftar list calon peserta diklat.', 'Lolos', 1, '2021-12-20 14:04:36', 'System', '0000-00-00 00:00:00'),
(14, 1, 'DKT201221002', 'user <b>Moch Wahyu Sugiarto</b> Sedang melakukan proses pengajuan untuk mengikuti Diklat PKB Lanjutan 3 ke sistem E-Kompetensi', 'Pending', 1, '2021-12-20 14:57:38', 'System', '0000-00-00 00:00:00');

-- --------------------------------------------------------

--
-- Table structure for table `tbl_history_dokumen`
--

CREATE TABLE `tbl_history_dokumen` (
  `id_history` bigint(20) NOT NULL,
  `id_user` bigint(20) DEFAULT NULL,
  `kode` varchar(300) DEFAULT NULL,
  `dinas` varchar(300) DEFAULT NULL,
  `no_surat` varchar(300) DEFAULT NULL,
  `tentang` text DEFAULT NULL,
  `jenis_naskah` varchar(300) DEFAULT NULL,
  `status` text DEFAULT NULL,
  `keterangan` text DEFAULT NULL,
  `keterangan_status` text DEFAULT NULL,
  `tanggal` date DEFAULT NULL,
  `created_date` datetime DEFAULT NULL,
  `created_by` varchar(200) DEFAULT NULL,
  `updated_date` datetime DEFAULT NULL,
  `updated_by` varchar(300) DEFAULT NULL,
  `deleted_date` datetime DEFAULT NULL
) ENGINE=InnoDB DEFAULT CHARSET=utf8;

-- --------------------------------------------------------

--
-- Table structure for table `tbl_history_jenjang`
--

CREATE TABLE `tbl_history_jenjang` (
  `id_history_jenjang` bigint(20) NOT NULL,
  `id_user` bigint(20) DEFAULT NULL,
  `id_jenis_jenjang` bigint(20) DEFAULT NULL,
  `kode_pengajuan` varchar(300) DEFAULT NULL,
  `jenis_jenjang` varchar(300) DEFAULT NULL,
  `ne1` varchar(300) DEFAULT NULL,
  `na1` varchar(300) DEFAULT NULL,
  `ne2` varchar(300) DEFAULT NULL,
  `na2` varchar(300) DEFAULT NULL,
  `ne3` varchar(300) DEFAULT NULL,
  `na3` varchar(300) DEFAULT NULL,
  `kumulatif` varchar(300) DEFAULT NULL,
  `status` varchar(300) DEFAULT NULL,
  `created_date` datetime DEFAULT NULL,
  `created_by` varchar(300) DEFAULT NULL,
  `deleted_date` datetime DEFAULT NULL
) ENGINE=InnoDB DEFAULT CHARSET=utf8;

--
-- Dumping data for table `tbl_history_jenjang`
--

INSERT INTO `tbl_history_jenjang` (`id_history_jenjang`, `id_user`, `id_jenis_jenjang`, `kode_pengajuan`, `jenis_jenjang`, `ne1`, `na1`, `ne2`, `na2`, `ne3`, `na3`, `kumulatif`, `status`, `created_date`, `created_by`, `deleted_date`) VALUES
(1, 3, 2, 'KNJ141221001', NULL, '76', '22.8', '75', '22.5', '75', '30.0', '75.3', 'Lulus', '2021-12-14 16:33:12', 'System', NULL),
(2, 3, 5, 'KNJ191221001', NULL, '98', '29.4', '70', '21.0', '80', '32.0', '82.4', 'Lulus', '2021-12-19 23:27:56', 'System', NULL),
(3, 4, 2, 'KNJ201221001', NULL, '80', '24.0', '70', '21.0', '80', '32.0', '77', 'Lulus', '2021-12-20 14:13:01', 'System', NULL);

-- --------------------------------------------------------

--
-- Table structure for table `tbl_history_jenjang_help`
--

CREATE TABLE `tbl_history_jenjang_help` (
  `id_history` bigint(200) NOT NULL,
  `id_user` bigint(200) NOT NULL,
  `kode_pengajuan` varchar(500) NOT NULL,
  `keterangan_status` text NOT NULL,
  `status` varchar(200) NOT NULL,
  `status_baca` int(11) NOT NULL,
  `created_date` datetime NOT NULL,
  `created_by` varchar(200) NOT NULL,
  `deleted_date` datetime NOT NULL
) ENGINE=InnoDB DEFAULT CHARSET=latin1;

--
-- Dumping data for table `tbl_history_jenjang_help`
--

INSERT INTO `tbl_history_jenjang_help` (`id_history`, `id_user`, `kode_pengajuan`, `keterangan_status`, `status`, `status_baca`, `created_date`, `created_by`, `deleted_date`) VALUES
(1, 3, 'KNJ141221001', 'user <b>Deny Setyawan</b> Sedang melakukan pengajuan untuk mengikuti proses Kenaikan Jenjang Penguji Pemula ke sistem E-Kompetensi', 'Pending', 1, '2021-12-14 06:42:26', 'System', '0000-00-00 00:00:00'),
(2, 3, 'KNJ141221001', 'Pengajuan user <b>Deny Setyawan</b> untuk proses Pengajuan Kenaikan Jenjang Penguji Pemula Sedang di Proses Verifikasi oleh admin sistem E-Kompetensi', 'Proses Verifikasi', 1, '2021-12-14 06:42:44', 'System', '0000-00-00 00:00:00'),
(3, 3, 'KNJ141221001', 'Pengajuan user <b>Deny Setyawan</b> untuk proses Kenaikan Jenjang  Penguji Pemula sedang di Proses Validasi oleh admin sistem Kompetensi', 'Proses Validasi', 1, '2021-12-14 06:43:11', 'System', '0000-00-00 00:00:00'),
(4, 3, 'KNJ141221001', 'user <b>Deny Setyawan</b> untuk proses Pengajuan Kenaikan Jenjang Penguji Pemula telah di nyatakan Lolos oleh admin sistem Kompetensi.dan akan dimasukan ke daftar list calon peserta uji kompetensi.', 'Lolos', 1, '2021-12-14 06:43:32', 'System', '0000-00-00 00:00:00'),
(5, 3, 'KNJ191221001', 'user <b>Deny Setyawan</b> Sedang melakukan pengajuan untuk mengikuti proses Kenaikan Jenjang Penguji Tingkat Tiga ke sistem E-Kompetensi', 'Pending', 1, '2021-12-19 23:22:58', 'System', '0000-00-00 00:00:00'),
(6, 3, 'KNJ191221001', 'Pengajuan user <b>Deny Setyawan</b> untuk proses Pengajuan Kenaikan Jenjang Penguji Tingkat Tiga Sedang di Proses Verifikasi oleh admin sistem E-Kompetensi', 'Proses Verifikasi', 1, '2021-12-19 23:23:52', 'System', '0000-00-00 00:00:00'),
(7, 3, 'KNJ191221001', 'Pengajuan user <b>Deny Setyawan</b> untuk proses Pengajuan Kenaikan Jenjang Penguji Tingkat Tiga Sedang di Proses Verifikasi oleh admin sistem E-Kompetensi', 'Proses Verifikasi', 1, '2021-12-19 23:24:01', 'System', '0000-00-00 00:00:00'),
(8, 3, 'KNJ191221001', 'Pengajuan user <b>Deny Setyawan</b> untuk proses Kenaikan Jenjang  Penguji Tingkat Tiga sedang di Proses Validasi oleh admin sistem Kompetensi', 'Proses Validasi', 1, '2021-12-19 23:27:26', 'System', '0000-00-00 00:00:00'),
(9, 3, 'KNJ191221001', 'user <b>Deny Setyawan</b> untuk proses Pengajuan Kenaikan Jenjang Penguji Tingkat Tiga telah di nyatakan Lolos oleh admin sistem Kompetensi.dan akan dimasukan ke daftar list calon peserta uji kompetensi.', 'Lolos', 1, '2021-12-19 23:27:37', 'System', '0000-00-00 00:00:00'),
(10, 4, 'KNJ201221001', 'user <b>Desna Irawan</b> Sedang melakukan pengajuan untuk mengikuti proses Kenaikan Jenjang Penguji Pemula ke sistem E-Kompetensi', 'Pending', 1, '2021-12-20 14:08:36', 'System', '0000-00-00 00:00:00'),
(11, 4, 'KNJ201221001', 'Pengajuan user <b>Desna Irawan</b> untuk proses Pengajuan Kenaikan Jenjang Penguji Pemula Sedang di Proses Verifikasi oleh admin sistem E-Kompetensi', 'Proses Verifikasi', 1, '2021-12-20 14:10:34', 'System', '0000-00-00 00:00:00'),
(12, 4, 'KNJ201221001', 'Pengajuan user <b>Desna Irawan</b> untuk proses Kenaikan Jenjang  Penguji Pemula sedang di Proses Validasi oleh admin sistem Kompetensi', 'Proses Validasi', 1, '2021-12-20 14:11:57', 'System', '0000-00-00 00:00:00'),
(13, 4, 'KNJ201221001', 'user <b>Desna Irawan</b> untuk proses Pengajuan Kenaikan Jenjang Penguji Pemula telah di nyatakan Lolos oleh admin sistem Kompetensi.dan akan dimasukan ke daftar list calon peserta uji kompetensi.', 'Lolos', 1, '2021-12-20 14:12:32', 'System', '0000-00-00 00:00:00'),
(14, 1, 'KNJ201221002', 'user <b>Moch Wahyu Sugiarto</b> Sedang melakukan pengajuan untuk mengikuti proses Kenaikan Jenjang Penguji Tingkat Empat ke sistem E-Kompetensi', 'Pending', 1, '2021-12-20 14:58:27', 'System', '0000-00-00 00:00:00');

-- --------------------------------------------------------

--
-- Table structure for table `tbl_history_perpanjangan_help`
--

CREATE TABLE `tbl_history_perpanjangan_help` (
  `id_history` bigint(20) NOT NULL,
  `id_user` bigint(20) NOT NULL,
  `kode_pengajuan` varchar(500) NOT NULL,
  `keterangan_status` text NOT NULL,
  `status` varchar(500) NOT NULL,
  `status_baca` int(11) NOT NULL,
  `created_date` datetime NOT NULL,
  `created_by` varchar(100) NOT NULL,
  `deleted_date` datetime NOT NULL
) ENGINE=InnoDB DEFAULT CHARSET=latin1;

--
-- Dumping data for table `tbl_history_perpanjangan_help`
--

INSERT INTO `tbl_history_perpanjangan_help` (`id_history`, `id_user`, `kode_pengajuan`, `keterangan_status`, `status`, `status_baca`, `created_date`, `created_by`, `deleted_date`) VALUES
(1, 3, 'PPJ141221001', 'user <b>Deny Setyawan</b> Sedang melakukan proses perpanjangan kompetensi tingkat Penguji Pemula ke sistem E-Kompetensi', 'Pending', 1, '2021-12-14 06:22:04', 'System', '0000-00-00 00:00:00'),
(2, 3, 'PPJ141221001', 'Pengajuan user <b>Deny Setyawan</b> untuk proses perpanjangan Kompetensi tingkat Penguji Pemula Sedang di Proses Verifikasi oleh admin sistem E-Kompetensi', 'Proses Verifikasi', 1, '2021-12-14 06:22:30', 'System', '0000-00-00 00:00:00'),
(3, 3, 'PPJ141221001', 'Pengajuan user <b>Deny Setyawan</b> untuk proses perpanjangan Kompetensi tingkat Penguji Pemula sedang di Proses Validasi oleh admin sistem Kompetensi', 'Proses Validasi', 1, '2021-12-14 06:23:06', 'System', '0000-00-00 00:00:00'),
(4, 3, 'PPJ141221001', 'Pengajuan user <b>Deny Setyawan</b> untuk proses perpanjangan Kompetensi tingkat Penguji Pemula telah di Approve oleh admin sistem Kompetensi.dan akan segera mendapatkan pembayaran Biling PNBP di email anda.', 'Approve', 1, '2021-12-14 06:23:51', 'System', '0000-00-00 00:00:00'),
(5, 3, 'PPJ141221001', 'user <b>Deny Setyawan</b> Sedang melakukan proses upload pembayaran Billing PNBP ke sistem E-Kompetensi', 'Melakukan Pembayaran', 1, '2021-12-14 06:29:01', 'System', '0000-00-00 00:00:00'),
(6, 1, 'PPJ141221002', 'user <b>Moch Wahyu Sugiarto</b> Sedang melakukan proses perpanjangan kompetensi tingkat Penguji Tingkat Empat ke sistem E-Kompetensi', 'Pending', 1, '2021-12-14 07:46:45', 'System', '0000-00-00 00:00:00'),
(7, 1, 'PPJ141221002', 'Pengajuan user <b>Moch Wahyu Sugiarto</b> untuk proses perpanjangan Kompetensi tingkat Penguji Tingkat Empat Sedang di Proses Verifikasi oleh admin sistem E-Kompetensi', 'Proses Verifikasi', 1, '2021-12-14 07:47:21', 'System', '0000-00-00 00:00:00'),
(8, 1, 'PPJ141221002', 'Pengajuan user <b>Moch Wahyu Sugiarto</b> untuk proses perpanjangan Kompetensi tingkat Penguji Tingkat Empat sedang di Proses Validasi oleh admin sistem Kompetensi', 'Proses Validasi', 1, '2021-12-14 07:48:11', 'System', '0000-00-00 00:00:00'),
(9, 1, 'PPJ141221002', 'Pengajuan user <b>Moch Wahyu Sugiarto</b> untuk proses perpanjangan Kompetensi tingkat Penguji Tingkat Empat telah di Approve oleh admin sistem Kompetensi.dan akan segera mendapatkan pembayaran Biling PNBP di email anda.', 'Approve', 1, '2021-12-14 07:48:30', 'System', '0000-00-00 00:00:00'),
(10, 3, 'PPJ191221001', 'user <b>Deny Setyawan</b> Sedang melakukan proses perpanjangan kompetensi tingkat Penguji Pemula ke sistem E-Kompetensi', 'Pending', 1, '2021-12-19 21:59:35', 'System', '0000-00-00 00:00:00'),
(11, 3, 'PPJ191221001', 'Pengajuan user <b>Deny Setyawan</b> untuk proses perpanjangan Kompetensi tingkat Penguji Pemula Sedang di Proses Verifikasi oleh admin sistem E-Kompetensi', 'Proses Verifikasi', 1, '2021-12-19 22:49:44', 'System', '0000-00-00 00:00:00'),
(12, 3, 'PPJ191221001', 'Pengajuan user <b>Deny Setyawan</b> untuk proses perpanjangan Kompetensi tingkat Penguji Pemula sedang di Proses Validasi oleh admin sistem Kompetensi', 'Proses Validasi', 1, '2021-12-19 22:55:09', 'System', '0000-00-00 00:00:00'),
(13, 3, 'PPJ191221001', 'Pengajuan user <b>Deny Setyawan</b> untuk proses perpanjangan Kompetensi tingkat Penguji Pemula telah di Approve oleh admin sistem Kompetensi.dan akan segera mendapatkan pembayaran Biling PNBP di email anda.', 'Approve', 1, '2021-12-19 22:55:40', 'System', '0000-00-00 00:00:00'),
(14, 4, 'PPJ201221001', 'user <b>Desna Irawan</b> Sedang melakukan proses perpanjangan kompetensi tingkat Penguji Pemula ke sistem E-Kompetensi', 'Pending', 1, '2021-12-20 13:42:30', 'System', '0000-00-00 00:00:00'),
(15, 4, 'PPJ201221001', 'Pengajuan user <b>Desna Irawan</b> untuk proses perpanjangan Kompetensi tingkat Penguji Pemula Sedang di Proses Verifikasi oleh admin sistem E-Kompetensi', 'Proses Verifikasi', 1, '2021-12-20 13:44:41', 'System', '0000-00-00 00:00:00'),
(16, 4, 'PPJ201221001', 'Pengajuan user <b>Desna Irawan</b> untuk proses perpanjangan Kompetensi tingkat Penguji Pemula sedang di Proses Validasi oleh admin sistem Kompetensi', 'Proses Validasi', 1, '2021-12-20 13:47:51', 'System', '0000-00-00 00:00:00'),
(17, 4, 'PPJ201221001', 'Pengajuan user <b>Desna Irawan</b> untuk proses perpanjangan Kompetensi tingkat Penguji Pemula telah di Approve oleh admin sistem Kompetensi.dan akan segera mendapatkan pembayaran Biling PNBP di email anda.', 'Approve', 1, '2021-12-20 13:52:00', 'System', '0000-00-00 00:00:00'),
(18, 4, 'PPJ201221001', 'user <b>Desna Irawan</b> Sedang melakukan proses upload pembayaran Billing PNBP ke sistem E-Kompetensi', 'Melakukan Pembayaran', 1, '2021-12-20 13:55:20', 'System', '0000-00-00 00:00:00'),
(19, 1, 'PPJ201221002', 'user <b>Moch Wahyu Sugiarto</b> Sedang melakukan proses perpanjangan kompetensi tingkat Penguji Tingkat Empat ke sistem E-Kompetensi', 'Pending', 1, '2021-12-20 14:57:04', 'System', '0000-00-00 00:00:00');

-- --------------------------------------------------------

--
-- Table structure for table `tbl_inbox`
--

CREATE TABLE `tbl_inbox` (
  `id_inbox` int(100) NOT NULL,
  `name` varchar(100) DEFAULT NULL,
  `email` varchar(100) DEFAULT NULL,
  `no_hp` varchar(200) DEFAULT NULL,
  `subject` varchar(100) DEFAULT NULL,
  `message` text DEFAULT NULL,
  `status_baca` int(11) NOT NULL,
  `created_date` datetime DEFAULT NULL,
  `created_by` varchar(100) DEFAULT NULL,
  `deleted_date` datetime DEFAULT NULL
) ENGINE=InnoDB DEFAULT CHARSET=utf8;

--
-- Dumping data for table `tbl_inbox`
--

INSERT INTO `tbl_inbox` (`id_inbox`, `name`, `email`, `no_hp`, `subject`, `message`, `status_baca`, `created_date`, `created_by`, `deleted_date`) VALUES
(2, 'wahyu', 'wahyupunk10@gmail.com', '0898786', 'tes', 'tes inbox', 1, '2021-12-15 13:24:25', NULL, NULL),
(3, 'deny setyawan', 'denysetyawan@yahoo.com', '081217187808', 'tes', '1234', 1, '2021-12-19 21:41:07', NULL, NULL);

-- --------------------------------------------------------

--
-- Table structure for table `tbl_kategori_diklat`
--

CREATE TABLE `tbl_kategori_diklat` (
  `id_kategori_diklat` bigint(20) NOT NULL,
  `kategori_diklat` varchar(300) DEFAULT NULL,
  `deleted_date` datetime DEFAULT NULL
) ENGINE=InnoDB DEFAULT CHARSET=utf8;

--
-- Dumping data for table `tbl_kategori_diklat`
--

INSERT INTO `tbl_kategori_diklat` (`id_kategori_diklat`, `kategori_diklat`, `deleted_date`) VALUES
(2, 'PKB Dasar', NULL),
(3, 'PKB Lanjutan 1', NULL),
(5, 'PKB Lanjutan 2', NULL),
(7, 'PKB Lanjutan 3', NULL);

-- --------------------------------------------------------

--
-- Table structure for table `tbl_kenaikan_jenjang`
--

CREATE TABLE `tbl_kenaikan_jenjang` (
  `id_jenjang` bigint(20) NOT NULL,
  `id_user` bigint(20) DEFAULT NULL,
  `id_jenis_jenjang` bigint(20) DEFAULT NULL,
  `kode_pengajuan` varchar(300) CHARACTER SET utf8 DEFAULT NULL,
  `no_reg` varchar(300) CHARACTER SET utf8 DEFAULT NULL,
  `no_sertifikat` varchar(300) CHARACTER SET utf8 DEFAULT NULL,
  `status_pegawai` varchar(300) CHARACTER SET utf8 DEFAULT NULL,
  `nilai` varchar(300) CHARACTER SET utf8 DEFAULT NULL,
  `status_kelulusan` varchar(300) CHARACTER SET utf8 DEFAULT NULL,
  `email` varchar(300) CHARACTER SET utf8 DEFAULT NULL,
  `folder` varchar(300) CHARACTER SET utf8 DEFAULT NULL,
  `file_perintah` varchar(300) CHARACTER SET utf8 DEFAULT NULL,
  `nama_file_perintah` varchar(300) CHARACTER SET utf8 DEFAULT NULL,
  `file_pnbp` varchar(300) CHARACTER SET utf8 DEFAULT NULL,
  `nama_file_pnbp` varchar(300) CHARACTER SET utf8 DEFAULT NULL,
  `status_pengajuan` varchar(100) CHARACTER SET utf8 DEFAULT NULL,
  `keterangan_status` text CHARACTER SET utf8 DEFAULT NULL,
  `status_pembayaran` varchar(300) CHARACTER SET utf8 DEFAULT NULL,
  `tanggal` date DEFAULT NULL,
  `status_baca` int(10) NOT NULL,
  `tgl_ba` date DEFAULT NULL,
  `no_ba` varchar(300) CHARACTER SET utf8 DEFAULT NULL,
  `tgl_surat` date DEFAULT NULL,
  `no_surat` varchar(300) CHARACTER SET utf8 DEFAULT NULL,
  `catatan_jenjang` text CHARACTER SET utf8 DEFAULT NULL,
  `catatan_validasi` text NOT NULL,
  `catatan_approve` text NOT NULL,
  `ttd_1` varchar(300) NOT NULL,
  `ttd_2` varchar(300) NOT NULL,
  `confirm_kasi` int(10) NOT NULL,
  `confirm_kabid` int(10) NOT NULL,
  `tgl_confirm_kasi` date NOT NULL,
  `tgl_confirm_kabid` date NOT NULL,
  `created_date` datetime DEFAULT NULL,
  `created_by` varchar(300) CHARACTER SET utf8 DEFAULT NULL,
  `updated_date` datetime DEFAULT NULL,
  `updated_by` varchar(300) CHARACTER SET utf8 DEFAULT NULL,
  `deleted_date` datetime DEFAULT NULL
) ENGINE=InnoDB DEFAULT CHARSET=utf8mb4;

--
-- Dumping data for table `tbl_kenaikan_jenjang`
--

INSERT INTO `tbl_kenaikan_jenjang` (`id_jenjang`, `id_user`, `id_jenis_jenjang`, `kode_pengajuan`, `no_reg`, `no_sertifikat`, `status_pegawai`, `nilai`, `status_kelulusan`, `email`, `folder`, `file_perintah`, `nama_file_perintah`, `file_pnbp`, `nama_file_pnbp`, `status_pengajuan`, `keterangan_status`, `status_pembayaran`, `tanggal`, `status_baca`, `tgl_ba`, `no_ba`, `tgl_surat`, `no_surat`, `catatan_jenjang`, `catatan_validasi`, `catatan_approve`, `ttd_1`, `ttd_2`, `confirm_kasi`, `confirm_kabid`, `tgl_confirm_kasi`, `tgl_confirm_kabid`, `created_date`, `created_by`, `updated_date`, `updated_by`, `deleted_date`) VALUES
(1, 3, 2, 'KNJ141221001', '035.015.PMT.01.081221002', '45566', NULL, '75.3', 'Lulus', 'denysetyawan.0734010305@yahoo.com', '20211214/d4982d8f0a332986c5dcefbcfdf8b82b', NULL, NULL, NULL, NULL, 'Lolos', 'user <b>Deny Setyawan</b> untuk proses Pengajuan Kenaikan Jenjang Penguji Pemula telah di nyatakan Lolos oleh admin sistem Kompetensi.dan akan dimasukan ke daftar list calon peserta uji kompetensi.', NULL, '2021-12-14', 0, '2021-12-14', '566754333', '2021-12-14', NULL, NULL, '', '', '', '', 0, 0, '0000-00-00', '0000-00-00', '2021-12-14 06:42:26', 'Deny Setyawan', '2021-12-14 16:33:12', 'superadmin', NULL),
(2, 3, 5, 'KNJ191221001', '035.015.PT3.01.081221002', '4442', NULL, '82.4', 'Lulus', 'denysetyawan.0734010305@yahoo.com', '20211219/6032f78520b0fe1d619e47e61e9f1ad0', NULL, NULL, NULL, NULL, 'Lolos', 'user <b>Deny Setyawan</b> untuk proses Pengajuan Kenaikan Jenjang Penguji Tingkat Tiga telah di nyatakan Lolos oleh admin sistem Kompetensi.dan akan dimasukan ke daftar list calon peserta uji kompetensi.', NULL, '2021-12-19', 0, '2021-12-19', '5535', '2021-12-19', NULL, NULL, '', '', '', '', 0, 0, '0000-00-00', '0000-00-00', '2021-12-19 23:22:58', 'Deny Setyawan', '2021-12-19 23:27:56', 'superadmin', NULL),
(3, 4, 2, 'KNJ201221001', '035.015..01.201221001', '567', NULL, '77', 'Lulus', 'cokreksmanivda@gmail.com', '20211220/ccc6469782908266c878c89cb417e12c', NULL, NULL, NULL, NULL, 'Lolos', 'user <b>Desna Irawan</b> untuk proses Pengajuan Kenaikan Jenjang Penguji Pemula telah di nyatakan Lolos oleh admin sistem Kompetensi.dan akan dimasukan ke daftar list calon peserta uji kompetensi.', NULL, '2021-12-20', 0, '2021-12-20', '456/kemenhub/2021', '2021-12-20', NULL, NULL, '', '', '', '', 0, 0, '0000-00-00', '0000-00-00', '2021-12-20 14:08:36', 'Desna Irawan', '2021-12-20 14:13:01', 'superadmin', NULL),
(4, 1, 6, 'KNJ201221002', NULL, NULL, NULL, NULL, NULL, 'wahyupunk10@gmail.com', '20211220/e1fb3d2fedb2052ddcc6890c474ff932', NULL, NULL, NULL, NULL, 'Pending', 'user <b>Moch Wahyu Sugiarto</b> Sedang melakukan pengajuan untuk mengikuti proses Kenaikan Jenjang Penguji Tingkat Empat ke sistem E-Kompetensi', NULL, '2021-12-20', 0, '2021-12-20', NULL, '2021-12-20', NULL, NULL, '', '', '', '', 0, 0, '0000-00-00', '0000-00-00', '2021-12-20 14:58:27', 'Moch Wahyu Sugiarto', '2021-12-20 14:58:27', 'Moch Wahyu Sugiarto', NULL);

-- --------------------------------------------------------

--
-- Table structure for table `tbl_kontak`
--

CREATE TABLE `tbl_kontak` (
  `id` bigint(20) NOT NULL,
  `no_telp` varchar(300) DEFAULT NULL,
  `email` varchar(300) DEFAULT NULL,
  `alamat` text DEFAULT NULL,
  `deskripsi` text DEFAULT NULL,
  `created_date` datetime DEFAULT NULL,
  `created_by` varchar(300) DEFAULT NULL,
  `updated_date` datetime DEFAULT NULL,
  `updated_by` varchar(300) DEFAULT NULL,
  `deleted_date` datetime DEFAULT NULL
) ENGINE=InnoDB DEFAULT CHARSET=utf8;

--
-- Dumping data for table `tbl_kontak`
--

INSERT INTO `tbl_kontak` (`id`, `no_telp`, `email`, `alamat`, `deskripsi`, `created_date`, `created_by`, `updated_date`, `updated_by`, `deleted_date`) VALUES
(1, '021-3811308, 3505006', 'INFO151@DEPHUB.GO.ID', 'JL. MEDAN MERDEKA BARAT NO. 8 JAKARTA PUSAT\r\nDKI JAKARTA 10110\r\n', 'Lorem ipsum dolor sit amet, consectetur adipiscing elit, sed do eiusmod tempor incididunt ut labore et dolore magna aliqua. Ut enim ad minim veniam, quis nostrud exercitation ullamco laboris nisi ut aliquip ex ea commodo consequat. Duis aute irure dolor in reprehenderit in voluptate velit esse cillum dolore eu fugiat nulla pariatur. Excepteur sint occaecat cupidatat non proident, sunt in culpa qui officia deserunt mollit anim id est laborum.', '2021-09-01 21:09:57', 'System', '2021-09-01 21:09:57', 'System', NULL);

-- --------------------------------------------------------

--
-- Table structure for table `tbl_login`
--

CREATE TABLE `tbl_login` (
  `id` bigint(20) NOT NULL,
  `email` varchar(300) DEFAULT NULL,
  `password` varchar(300) DEFAULT NULL,
  `photo` varchar(300) DEFAULT NULL,
  `tipe` varchar(300) DEFAULT NULL,
  `nama` varchar(100) DEFAULT NULL,
  `status` varchar(100) DEFAULT NULL,
  `last_login_user` datetime DEFAULT NULL,
  `deleted_date` datetime DEFAULT NULL
) ENGINE=InnoDB DEFAULT CHARSET=utf8;

--
-- Dumping data for table `tbl_login`
--

INSERT INTO `tbl_login` (`id`, `email`, `password`, `photo`, `tipe`, `nama`, `status`, `last_login_user`, `deleted_date`) VALUES
(1, 'wahyupunk10@gmail.com', 'd2FoeXU=', NULL, 'user', 'Moch Wahyu Sugiarto', 'Aktif', '2021-12-27 08:28:31', NULL),
(2, 'denysetyawan.0734010304@yahoo.com', 'MDgxODI4', NULL, 'user', 'Deny Setyawan', 'Non Aktif', NULL, '2021-12-08 11:54:56'),
(3, 'denysetyawan.0734010305@yahoo.com', 'MDgxODI4', NULL, 'user', 'Deny Setyawan', 'Non Aktif', '2021-12-19 23:22:05', '2021-12-23 08:30:29'),
(4, 'cokreksmanivda@gmail.com', 'MDgxODI4', NULL, 'user', 'Desna Irawan', 'Aktif', '2021-12-20 13:37:04', '2021-12-23 09:15:08'),
(5, 'rajendragustiprimadama@gmail.com', 'I0Rldk9wczA3', NULL, 'user', 'Rajendra Gusti Primadama, S.Kom', 'Non Aktif', NULL, '2021-12-20 14:54:53'),
(6, 'rajendragustiprimadama12@gmail.com', 'I0Rldk9wcw==', NULL, 'user', 'Rajendra Gusti Primadama, S.Kom', 'Non Aktif', NULL, NULL),
(7, 'belajarthomas@gmail.com', 'Y29iYTEyMzQ=', NULL, 'user', 'Thomas', 'Non Aktif', NULL, NULL),
(8, 'denysetyawan.0734010305@yahoo.com', 'MDgxODI4', NULL, 'user', 'Deny Setyawan', 'Non Aktif', NULL, '2021-12-23 08:30:29'),
(9, 'cokreksamnivda@gmail.com', 'MDgxODI4', NULL, 'user', 'S', 'Non Aktif', NULL, '2021-12-23 08:46:41'),
(10, 'cokreksmanivda@gmail.com', 'MjMyMjM=', NULL, 'user', 'DENY DF FD', 'Non Aktif', NULL, '2021-12-23 09:15:08'),
(11, 'wahyup5unk10@gmail.com', 'MzIzMg==', NULL, 'user', 'Sfvdsv', 'Non Aktif', NULL, '2021-12-23 09:39:18'),
(12, 'bimaarivianurhuda@gmail.com', 'MDgxODI4', NULL, 'user', 'Denyds Vds', 'Non Aktif', NULL, NULL);

-- --------------------------------------------------------

--
-- Table structure for table `tbl_log_email`
--

CREATE TABLE `tbl_log_email` (
  `id_history` int(255) NOT NULL,
  `id_user` int(255) NOT NULL,
  `keterangan_status` text NOT NULL,
  `email` varchar(300) NOT NULL,
  `nama` varchar(300) NOT NULL,
  `status_baca` int(10) NOT NULL,
  `created_date` date NOT NULL
) ENGINE=InnoDB DEFAULT CHARSET=latin1;

--
-- Dumping data for table `tbl_log_email`
--

INSERT INTO `tbl_log_email` (`id_history`, `id_user`, `keterangan_status`, `email`, `nama`, `status_baca`, `created_date`) VALUES
(3, 1, 'User <b>Moch Wahyu Sugiarto</b> telah melakukan aktivasi akun', 'wahyupunk10@gmail.com', 'Moch Wahyu Sugiarto', 1, '2021-12-21'),
(4, 3, 'User <b>Deny Setyawan</b> telah melakukan aktivasi akun di email', 'denysetyawan.0734010305@yahoo.com', 'Deny Setyawan', 1, '2021-12-23'),
(5, 4, 'User <b>Desna Irawan</b> telah melakukan aktivasi akun di email', 'cokreksmanivda@gmail.com', 'Desna Irawan', 1, '2021-12-23'),
(6, 12, 'User <b>Denyds Vds</b> telah melakukan aktivasi akun di email', 'bimaarivianurhuda@gmail.com', 'Denyds Vds', 1, '2021-12-23');

-- --------------------------------------------------------

--
-- Table structure for table `tbl_menu`
--

CREATE TABLE `tbl_menu` (
  `id_menu` bigint(20) NOT NULL,
  `nama_menu` varchar(300) DEFAULT NULL,
  `link` varchar(300) DEFAULT NULL,
  `icon` varchar(300) DEFAULT NULL,
  `parent` int(11) DEFAULT NULL,
  `kode_menu` varchar(100) DEFAULT NULL,
  `menu_file` varchar(100) DEFAULT NULL,
  `urutan` int(11) DEFAULT NULL,
  `created_date` datetime DEFAULT NULL,
  `created_by` varchar(200) DEFAULT NULL,
  `updated_date` datetime DEFAULT NULL,
  `updated_by` varchar(200) DEFAULT NULL,
  `deleted_date` datetime DEFAULT NULL
) ENGINE=InnoDB DEFAULT CHARSET=utf8;

--
-- Dumping data for table `tbl_menu`
--

INSERT INTO `tbl_menu` (`id_menu`, `nama_menu`, `link`, `icon`, `parent`, `kode_menu`, `menu_file`, `urutan`, `created_date`, `created_by`, `updated_date`, `updated_by`, `deleted_date`) VALUES
(1, 'Dashboard', 'Dashboard', 'fa fa-home', 0, 'admin', 'view', 1, '2021-09-01 21:09:57', 'superadmin', '2021-09-01 21:09:57', 'superadmin', NULL),
(2, 'Master Pengajuan Naskah', 'master-naskah-pengajuan', 'fa fa-file-text', 0, 'master-naskah', 'view,add,edit', 2, '2021-09-01 21:09:57', 'superadmin', '2021-09-01 21:09:57', 'superadmin', NULL),
(3, 'Master Data', '', 'fa fa-database', 0, 'master-data', 'view', 3, '2021-09-01 21:09:57', 'superadmin', '2021-09-01 21:09:57', 'superadmin', NULL),
(4, 'Master User', 'master-user', 'far fa-circle', 3, 'master-user', 'view,add,edit,del', 4, '2021-09-01 21:09:57', 'superadmin', '2021-12-15 14:01:36', 'superadmin', NULL),
(5, 'Slider', 'slider', 'far fa-circle', 3, 'slider', 'view,add,edit,del', 5, '2021-09-01 21:09:57', 'superadmin', '2021-09-11 19:00:49', 'superadmin', NULL),
(6, 'Master Informasi', 'master-informasi', 'fa fa-bell', 0, 'master-informasi', 'view', 7, '2021-09-01 21:09:57', 'superadmin', '2021-09-01 21:09:57', 'superadmin', NULL),
(7, 'Data Informasi', 'informasi', 'far fa-circle', 6, 'informasi', 'view,add,edit,del', 8, '2021-09-01 21:09:57', 'superadmin', '2021-09-01 21:09:57', 'superadmin', NULL),
(8, 'Data Surat', 'master-surat', 'far fa-circle', 6, 'master-surat', 'view,add,edit,del', 9, '2021-09-01 21:09:57', 'superadmin', '2021-09-01 21:09:57', 'superadmin', NULL),
(9, 'Data Surat Perintah Bayar', 'master-surat-bayar', 'far fa-circle', 6, 'master-surat-bayar', 'view,add,edit,del', 10, '2021-09-01 21:09:57', 'superadmin', '2021-09-01 21:09:57', 'superadmin', NULL),
(10, 'Data Pengumuman', 'pengumuman', 'far fa-circle', 6, 'pengumuman', 'view,add,edit,del', 11, '2021-09-01 21:09:57', 'superadmin', '2021-09-01 21:09:57', 'superadmin', NULL),
(11, 'Perpanjangan', NULL, 'fa fa-database', 0, 'pengajuan-perpanjangan', 'view', 12, '2021-09-01 21:09:57', 'superadmin', '2021-12-13 23:54:32', 'superadmin', NULL),
(12, 'Master Perpanjangan', 'master-perpanjangan', 'far fa-circle', 11, 'master-perpanjangan', 'view,edit,del', 13, '2021-09-01 21:09:57', 'superadmin', '2021-09-01 21:09:57', 'superadmin', NULL),
(13, 'Perpanjangan Validasi', 'master-perpanjangan-validasi', 'far fa-circle', 11, 'master-perpanjangan-validasi', 'view,edit,del', 14, '2021-09-01 21:09:57', 'superadmin', '2021-09-01 21:09:57', 'superadmin', NULL),
(14, 'Perpanjangan Approve', 'master-perpanjangan-approve', 'far fa-circle', 11, 'master-perpanjangan-approve', 'view,add,edit,del', 15, '2021-09-01 21:09:57', 'superadmin', '2021-09-01 21:09:57', 'superadmin', NULL),
(15, 'Master Diklat', 'master-diklat', 'far fa-circle', 36, 'master-diklat', 'view,add,edit,del', 17, '2021-09-01 21:09:57', 'superadmin', '2021-09-01 21:09:57', 'superadmin', NULL),
(16, 'Pengajuan Diklat Validasi', 'master-diklat-validasi', 'far fa-circle', 36, 'master-diklat-validasi', 'view,edit,del', 18, '2021-09-01 21:09:57', 'superadmin', '2021-09-01 21:09:57', 'superadmin', NULL),
(17, 'Pengajuan Diklat Approve', 'master-diklat-approve', 'far fa-circle', 36, 'master-diklat-approve', 'view,add,edit,del', 19, '2021-09-01 21:09:57', 'superadmin', '2021-09-01 21:09:57', 'superadmin', NULL),
(18, 'Master Jenjang', 'master-jenjang', 'far fa-circle', 37, 'master-jenjang', 'view,add,edit,del', 21, '2021-09-01 21:09:57', 'superadmin', '2021-09-01 21:09:57', 'superadmin', NULL),
(19, 'Pengajuan Jenjang Validasi', 'master-jenjang-validasi', 'far fa-circle', 37, 'master-jenjang-validasi', 'view,edit,del', 22, '2021-09-01 21:09:57', 'superadmin', '2021-09-01 21:09:57', 'superadmin', NULL),
(20, 'Pengajuan Jenjang Approve', 'master-jenjang-approve', 'far fa-circle', 37, 'master-jenjang-approve', 'view,add,edit,del', 23, '2021-09-01 21:09:57', 'superadmin', '2021-09-01 21:09:57', 'superadmin', NULL),
(21, 'Billing Pembayaran', 'master-pembayaran', 'fa fa-gift', 0, 'master-pembayaran', 'view,add,edit,del', 24, '2021-09-01 21:09:57', 'superadmin', '2021-09-01 21:09:57', 'superadmin', NULL),
(22, 'Inbox', 'inbox', 'fa fa-inbox', 0, 'inbox', 'view,edit,del', 25, '2021-09-01 21:09:57', 'superadmin', '2021-09-01 21:09:57', 'superadmin', NULL),
(23, 'Histori Pengajuan', 'list-history', 'fa fa-history', 0, 'histori', 'view', 26, '2021-09-01 21:09:57', 'superadmin', '2021-09-01 21:09:57', 'superadmin', NULL),
(24, 'Report ', '', 'fa fa-book', 0, 'laporan', 'view', 27, '2021-09-01 21:09:57', 'superadmin', '2021-09-01 21:09:57', 'superadmin', NULL),
(25, 'Report User', 'report-user', 'far fa-circle', 24, 'report-user', 'view', 28, '2021-09-01 21:09:57', 'superadmin', '2021-11-07 17:37:37', 'superadmin', NULL),
(26, 'Report Perpanjangan', 'report-perpanjangan', 'far fa-circle', 24, 'report-perpanjangan', 'view', 29, '2021-09-01 21:09:57', 'superadmin', '2021-09-01 21:09:57', 'superadmin', NULL),
(27, 'Report Diklat PKB', 'report-diklat', 'far fa-circle', 24, 'report-diklat', 'view', 30, '2021-09-01 21:09:57', 'superadmin', '2021-09-01 21:09:57', 'superadmin', NULL),
(28, 'Report Jenjang', 'report-jenjang', 'far fa-circle', 24, 'report-jenjang', 'view', 31, '2021-09-01 21:09:57', 'superadmin', '2021-09-01 21:09:57', 'superadmin', NULL),
(29, 'Setting', '', 'fa fa-wrench', 0, 'setting', 'view', 32, '2021-09-01 21:09:57', 'superadmin', '2021-09-01 21:09:57', 'superadmin', NULL),
(30, 'Konfigurasi Menu', 'konfigurasi-menu', 'fa fa-cog', 29, 'konfigurasi-menu', 'view,edit,del', 33, '2021-09-01 21:09:57', 'superadmin', '2021-09-01 21:09:57', 'superadmin', NULL),
(31, 'Konfigurasi Kontak', 'konfigurasi-kontak', 'fa fa-list-alt', 29, 'konfigurasi-kontak', 'view,edit', 34, '2021-09-01 21:09:57', 'superadmin', '2021-09-01 21:09:57', 'superadmin', NULL),
(32, 'Master Menu', 'menu', 'fas fa-list', 29, 'menu', 'view,add,edit,del', 35, '2021-09-01 21:09:57', 'superadmin', '2021-09-01 21:09:57', 'superadmin', NULL),
(33, 'User Adminstrator', 'user', 'fa fa-user', 29, 'user', 'view,add,edit,del', 36, '2021-09-01 21:09:57', 'superadmin', '2021-09-01 21:09:57', 'superadmin', NULL),
(34, 'Grup Administrator', 'user-grup', 'fa fa-group', 29, 'user-grup', 'view,add,edit,del', 37, '2021-09-01 21:09:57', 'superadmin', '2021-09-01 21:09:57', 'superadmin', NULL),
(35, 'Berita', 'news', 'far fa-circle', 3, 'news', 'view,add,edit,del', 6, '2021-09-11 17:41:31', 'superadmin', '2021-09-11 19:01:09', 'superadmin', NULL),
(36, 'Pengajuan Diklat', '-', 'fa fa-database', 0, 'pengajuan-diklat', 'view', 16, '2021-12-13 23:50:21', 'superadmin', '2021-12-13 23:50:21', 'superadmin', NULL),
(37, 'Pengajuan Jenjang', '-', 'fa fa-database', 0, 'pengajuan-jenjang', 'view', 20, '2021-12-13 23:51:10', 'superadmin', '2021-12-13 23:51:10', 'superadmin', NULL);

-- --------------------------------------------------------

--
-- Table structure for table `tbl_news`
--

CREATE TABLE `tbl_news` (
  `id_news` int(255) NOT NULL,
  `judul` varchar(300) NOT NULL,
  `permalink` varchar(300) NOT NULL,
  `gambar` varchar(300) NOT NULL,
  `deskripsi` text NOT NULL,
  `status` varchar(100) NOT NULL,
  `created_date` date NOT NULL,
  `updated_date` date NOT NULL,
  `created_by` varchar(300) NOT NULL,
  `updated_by` varchar(300) NOT NULL,
  `deleted_date` datetime NOT NULL
) ENGINE=InnoDB DEFAULT CHARSET=utf8mb4;

--
-- Dumping data for table `tbl_news`
--

INSERT INTO `tbl_news` (`id_news`, `judul`, `permalink`, `gambar`, `deskripsi`, `status`, `created_date`, `updated_date`, `created_by`, `updated_by`, `deleted_date`) VALUES
(4, 'FGD Women in Geopark bersama LSM Edellwis dan OPD pengampu', 'fgd-women-in-geopark-bersama-lsm-edellwis-dan-opd-pengampu.html', 'upload/news/uji1.jpg', '<div style=\"text-align: justify;\">Identifikasi keterlibatan perempuan dalam pengembangan Ijen Geopark melalui program Women Capacity Building in Geopark. Melalui program tersebut diharapkan dapat membangun mindset perempuan dalam pengembangan geopark tidak hanya menjadi objek tetapi menjadi subjek dan menumbuhkan rasa memiliki terhadap Ijen Geopark.\r\n</div><div style=\"text-align: justify;\"><br></div><div style=\"text-align: justify;\">\r\nDalam mengidentifikasi peran perempuan tidak lagi membuat potensi yang baru tetapi mengembangkan potensi yang sudah ada yang melibatkan peran perempuan. Pengembangan yang akan dilakukan difokuskan di kawasan inti yaitu kecamatan Ijen, Sumber Wringin, Cermee, dan Pujer.\r\n\r\nDalam pengembangan geopark kesetaraan gender tidak hanya tentang keterlibatan peran perempuan tetapi keterlibatan peran disabilitas, lansia dan anak-anak.</div>', 'Aktif', '2021-09-26', '2021-09-27', 'superadmin', 'superadmin', '0000-00-00 00:00:00'),
(5, 'Kemenhub Komitmen Tingkatkan Konektivitas Dari dan Ke Kabupaten Asmat, Papua', 'kemenhub-komitmen-tingkatkan-konektivitas-dari-dan-ke-kabupaten-asmat-papua.html', 'upload/news/e7f4b6a9-a023-46d5-b200-7189bc801130.jpeg', '<p style=\"text-align: justify; font-family: &quot;Open Sans&quot;, Arial, sans-serif; font-size: 14px;\"><span style=\"text-size-adjust: 100%;\">Asmat – Kementerian Perhubungan berkomitmen untuk terus meningkatkan konektivitas dari dan ke Kabupaten Asmat, Papua, melalui pembangunan infrastruktur baik sarana maupun prasarana transportasi. Hal tersebut disampaikan Menteri Perhubungan (Menhub) Budi Karya Sumadi dalam kunjungan kerjanya ke Kabupaten Asmat, Papua, Minggu (26/9).</span></p><p style=\"text-align: justify; font-family: &quot;Open Sans&quot;, Arial, sans-serif; font-size: 14px;\">Dalam kunjungan kerjanya, Menhub disambut oleh Bupati Asmat Elisa Kambu, Ketua DPRD Asmat Yaoel Mangoprou, serta jajaran dari Forum Komunikasi Pimpinan Daerah (Forkompinda) Kabupaten Asmat. Menhub menjelaskan bahwa Kemenhub tengah melakukan sejumlah pembangunan dan pengembangan infrastruktur transportasi.</p><p style=\"text-align: justify; font-family: &quot;Open Sans&quot;, Arial, sans-serif; font-size: 14px;\">“Kita terus melakukan peningkatan infrastruktur transportasi di Asmat secara keseluruhan. Kita tahu di Asmat ini ada Bandara Ewer, Pelabuhan Agats, dan infrastruktur transportasi lainnya. Kita ingin bangun infrastruktur di sini agar seluruh Indonesia mengetahui Asmat,” jelas Menhub.</p><p style=\"text-align: justify; font-family: &quot;Open Sans&quot;, Arial, sans-serif; font-size: 14px;\">Menhub mengungkapkan, Kemenhub melalui Ditjen Perhubungan Udara telah mengembangkan Bandara Ewer agar lebih memenuhi aspek keselamatan dan keamanan penerbangan.</p><p style=\"text-align: justify; font-family: &quot;Open Sans&quot;, Arial, sans-serif; font-size: 14px;\">“Kita bangun bandara ini dengan desain mengusung kearifan lokal. Kita buat ukiran khas budaya Asmat, dan interior terminal yang lebih cantik, yang diharapkan menjadi daya tersendiri bagi para wisatawan. Tahun depan masih akan terus kita kembangkan,” ungkap Menhub.</p><p style=\"text-align: justify; font-family: &quot;Open Sans&quot;, Arial, sans-serif; font-size: 14px;\">Saat ini Bandara Ewer sudah memiliki runway atau landas pacu berukuran 1.650 x 30 meter yang sudah mampu didarati pesawat sejenis ATR-72. Selain itu, bandara ini memiliki apron seluas 90 x 70 meter, dan gedung terminal seluas 576 meter persegi.</p><p style=\"text-align: justify; font-family: &quot;Open Sans&quot;, Arial, sans-serif; font-size: 14px;\">Selain mengembangkan bandara, Menhub menjelaskan, pihaknya juga tengah melakukan peningkatan konektivitas melalui transportasi laut dan penyeberangan. Menhub menginginkan Pelabuhan Agats yang ada di Kabupaten Asmat menjadi pelabuhan penghubung dari trayek kapal Tol Laut.</p><p style=\"text-align: justify; font-family: &quot;Open Sans&quot;, Arial, sans-serif; font-size: 14px;\">“Saya sudah instruksikan pak Dirjen Perhubungan Darat untuk memastikan Pelabuhan Agats menjadi penghubung angkutan logistik dari Surabaya melalui kapal tol laut. Lalu dilanjutkan dengan kapal-kapal yang lebih kecil membawa logistik melalui sungai-sungai ke wilayah tengah Papua seperti Dekai, Yahukimo, Nduga, dan sekitarnya. Sehingga barang-barang bisa sampai ke saudara-saudara kita yang ada di puncak pegunungan,” ujar Menhub.</p><p style=\"text-align: justify; font-family: &quot;Open Sans&quot;, Arial, sans-serif; font-size: 14px;\">Menbub berharap dengan adanya pengiriman logistik melalui sungai maka dapat menekan biaya pengiriman. Selain itu pihaknya juga berharap nantinya kapal-kapal tersebut juga dapat melayani warga masyarakat di sepanjang aliran sungai.</p><p style=\"text-align: justify; font-family: &quot;Open Sans&quot;, Arial, sans-serif; font-size: 14px;\">Menhub mengapresiasi Bupati dan jajaran Forkompinda di Kabupaten Asmat yang memiliki semangat juang yang tinggi untuk membangun infrastruktur di Kabupaten yang terletak di bagian pesisir selatan Papua ini.</p><p style=\"text-align: justify; font-family: &quot;Open Sans&quot;, Arial, sans-serif; font-size: 14px;\">Kemenhub terus berupaya maksimal dalam membangun dan mengembangkan sarana dan prasarana transportasi di Papua, sejalan dengan implementasi Instruksi Presiden (Inpres) Nomor 9 tahun 2020 tentang Percepatan Pembangunan Kesejahteraan di Provinsi Papua dan Papua Barat.</p><p style=\"text-align: justify; font-family: &quot;Open Sans&quot;, Arial, sans-serif; font-size: 14px;\">Usai melakukan kunjungan kerja ke Kabupaten Asmat, Menhub melanjutkan kunjungan kerja ke Ende, Nusa Tenggara Timur. Menhub meninjau sejumlah infrastruktur transportasi yakni Pelabuhan Ende yang tengah dikembangkan untuk mendukung program tol laut di kawasan Timur Indonesia. Selain itu, Menhub juga meninjau Bandara H. Hasan Aroeboesman yang merupakan salah satu dari 16 bandara yang ada di Provinsi NTT.</p><p style=\"text-align: justify; font-family: &quot;Open Sans&quot;, Arial, sans-serif; font-size: 14px;\">Turut hadir pada kunjungan kerja Menhub ke Ende, Bupati Kabupaten Ende, Djafar Achmad, Dirjen Perhubungan Darat Budi Setiyadi, Dirjen Perhubungan Udara Novie Riyanto, dan jajaran Forkompinda di Kabupaten Ende. (GD/RDL/LA/JD)</p>', 'Aktif', '2021-09-27', '2021-09-27', 'superadmin', 'superadmin', '0000-00-00 00:00:00'),
(6, 'MENHUB PASTIKAN KESIAPAN SARANA DAN PRASARANA TRANSPORTASI UNTUK KELANCARAN PENYELENGGARAAN PON XX DAN PEPARNAS XVI DI PAPUA', 'menhub-pastikan-kesiapan-sarana-dan-prasarana-transportasi-untuk-kelancaran-penyelenggaraan-pon-xx-dan-peparnas-xvi-di-papua.html', 'upload/news/img-20210925-wa0119.jpg', '<p style=\"font-family: &quot;Open Sans&quot;, Arial, sans-serif; font-size: 14px; text-align: justify;\">Jayapura - Menteri Perhubungan Budi Karya Sumadi, Sabtu (25/9), meninjau sejumlah sarana dan prasarana infrastruktur transportasi di Jayapura dan Merauke, yang disiapkan untuk melancarkan penyelenggaraan Pekan Olahraga Nasional (PON) XX dan Pekan Paralimpiade Nasional (Peparnas) XVI di Papua. Tinjauan dilakukan untuk memastikan sarana dan prasarana tersebut telah siap melayani mobilitas para atlet dan tim official yang berlaga.</p><p style=\"font-family: &quot;Open Sans&quot;, Arial, sans-serif; font-size: 14px; text-align: justify;\">\"Kami banyak membangun infrastruktur transportasi di Papua untuk mendukung kegiatan PON dan Perpanas. Dan kami pastikan ini semua telah berjalan dengan baik,\" ujar Menhub Budi.</p><p style=\"font-family: &quot;Open Sans&quot;, Arial, sans-serif; font-size: 14px; text-align: justify;\">Menhub menjelaskan, Kemenhub bersama dengan stakeholders terkait di sektor transportasi telah menyiapkan sejumlah infrastruktur baik sarana maupun prasarana transportasi di moda transportasi darat, laut dan udara.</p><p style=\"font-family: &quot;Open Sans&quot;, Arial, sans-serif; font-size: 14px; text-align: justify;\">Di sektor darat, Kemenhub telah mengirimkan sebanyak 428 unit bus ke tiga titik penyelenggaraan PON yaitu di Jayapura, Timika dan Merauke. Serta, menyiapkan 515 awak bus, dimana 261 orang diantaranya merupakan pengemudi yang direkrut dari penduduk Provinsi Papua, sebagai wujud pemberdayaan masyarakat asli Provinsi Papua dan bisa membuka lapangan pekerjaan.</p><p style=\"font-family: &quot;Open Sans&quot;, Arial, sans-serif; font-size: 14px; text-align: justify;\">Selama PON berlangsung, bus tersebut beroperasi dari pukul 06.00 - 22.00 WIT yang diperuntukan bagi mobilitas atlet dan official. Selain itu juga untuk menjemput kontingen dari Bandara Sentani.</p><p style=\"font-family: &quot;Open Sans&quot;, Arial, sans-serif; font-size: 14px; text-align: justify;\">Untuk mendukung penyelenggaraan Peparnas XVI di Papua yang diselenggarakan sesudah PON. Sebanyak 160 unit bus bantuan tersebut akan dimodifikasi dengan membuat ramp on/off dengan kemiringan yang sesuai, untuk digunakan para atlet Peparnas yang menggunakan kursi roda.</p><p style=\"font-family: &quot;Open Sans&quot;, Arial, sans-serif; font-size: 14px; text-align: justify;\">Kemenhub juga telah membangun sejumlah infrastruktur yaitu: dermaga dan 2 (dua) unit bus air yang akan dioperasikan di Danau Sentani, pengadaan dan pemasangan perlengkapan jalan, pembangunan Terminal Tipe A Entrop Kota Jayapura, dan pembangunan Area Traffic Control System (ATCS) di Kota Jayapura.</p><p style=\"font-family: &quot;Open Sans&quot;, Arial, sans-serif; font-size: 14px; text-align: justify;\">Di sektor laut, sebanyak 5 kapal Pelni telah disiapkan untuk mengangkut kebutuhan penyelenggaraan PON (tiang, spanduk, kendaraan, perahu kayak, dan lain sebagainya). Kelima kapal tersebut yaitu: KM Labobar, KM Gunung Dempo, KM Ciremai, KM Dobonsolo, dan KM Sinabung.</p><p style=\"font-family: &quot;Open Sans&quot;, Arial, sans-serif; font-size: 14px; text-align: justify;\">Di sektor udara, Kemenhub juga telah menyiapkan 4 bandara yaitu: Bandara Sentani di Jayapura, Bandara Mozes Kilangin di Timika, Bandara Domine Eduard di Sorong, dan Bandara Mopah di Merauke.</p><p style=\"font-family: &quot;Open Sans&quot;, Arial, sans-serif; font-size: 14px; text-align: justify;\">“Saya pesan kepada pak Bupati agar fasilitas tersebut bisa dijaga dengan baik. Fasilitas transportasi yang sudah ada ini nantinya bisa bermanfaat untuk mendukung sektor pariwisata di Papua dan sekitarnya,” ungkap Menhub.</p><p style=\"font-family: &quot;Open Sans&quot;, Arial, sans-serif; font-size: 14px; text-align: justify;\">Dalam tinjauannya ke Jayapura, Menhub meninjau sejumlah titik, mulai dari meninjau bus-bus bantuan yang telah dikirim, lalu ke dermaga Pelabuhan Jayapura, meninjau Kapal Pelni KM Tidar yang sejak 12 Agustus 2021 digunakan sebagai kapal isolasi terpusat terapung di Pelabuhan Jayapura, meninjau Stadion Hamadi, Papua Trade Center Entrop (PTC) dan Dermaga Ponton.</p><p style=\"font-family: &quot;Open Sans&quot;, Arial, sans-serif; font-size: 14px; text-align: justify;\">Di Jayapura, Menhub juga menyempatkan diri bermain sepak bola bersama Tim Sepakbola Persipura untuk memberikan dukungan dalam laga PON XX.</p><p style=\"font-family: &quot;Open Sans&quot;, Arial, sans-serif; font-size: 14px; text-align: justify;\">\"Kami berharap dukungan fasilitas ini dapat memberikan pelayanan yang baik bagi para atlet dan tim official serta mendukung kelancaran penyelenggaraan PON secara umum. Setelah PON berakhir, dalam konteks investasi, tentunya fasilitas yang diberikan ini dapat memberikan nilai tambah, yaitu meningkatkan kualitas pelayanan sarana dan prasarana transportasi di Papua dan sekitarnya,\" jelas Menhub.</p><p style=\"font-family: &quot;Open Sans&quot;, Arial, sans-serif; font-size: 14px; text-align: justify;\">Lebih lanjut Menhub berpesan agar aplikasi Peduli Lindungi sudah bisa diimplementasikan di Jayapura, dan memastikan semua yang datang sudah melakukan vaksin dan tes PCR. Menhub yakin Papua dapat melaksanakan kegiatan PON XX dengan baik.</p><p style=\"font-family: &quot;Open Sans&quot;, Arial, sans-serif; font-size: 14px; text-align: justify;\">Sementara itu, Bupati Jayapura Mathius Awoitauw mengucapkan terima kasih atas dukungan nyata dari Kemenhub dalam penyediaan sarana dan prasarana transportasi. Ia mengapresiasi Kemenhub yang telah merespon cepat dan membantu Pemerintah Daerah dalam mendukung suksesnya pelaksanaan PON XX.</p><p style=\"font-family: &quot;Open Sans&quot;, Arial, sans-serif; font-size: 14px; text-align: justify;\">Sebagai informasi, setelah pelaksanaan PON dan Pekan Paralimpiade Nasional (Peparnas) di Papua, sebagian bus tersebut akan dimanfaatkan untuk melayani angkutan perintis, perkotaan, yang pengelolaannya diserahkan ke DAMRI. Kemudian sejumlah fasilitas lainnya seperti bus air, terminal tipe A dan ATCS dapat dimanfaatkan untuk meningkatkan layanan transportasi di Papua dan sekitarnya.</p><p style=\"font-family: &quot;Open Sans&quot;, Arial, sans-serif; font-size: 14px; text-align: justify;\">Selain di Jayapura, Menhub bersama Bupati Merauke Romanus Mbaraka juga meninjau sejumlah fasilitas pendukung PON Papua di Merauke diantaranya: Bandara Mopah Merauke, Stadion Katalpal Merauke dan Pelabuhan Dermaga Merauke.</p><p style=\"font-family: &quot;Open Sans&quot;, Arial, sans-serif; font-size: 14px; text-align: justify;\">Turut hadir mendampingi Menhub, Dirjen Perhubungan Darat Budi Setiyadi dan Dirjen Perhubungan Udara Novie Riyanto.&nbsp;<span style=\"background-color: initial;\">(LKW/RDL/LA/JD)</span></p>', 'Aktif', '2021-09-27', '2021-09-27', 'superadmin', 'superadmin', '0000-00-00 00:00:00'),
(7, 'Kunjungan Dari Kementrian Perhubungan', 'kunjungan-dari-kementrian-perhubungan.html', 'upload/news/629922_620.jpg', '<p open=\"\" sans\",=\"\" arial,=\"\" sans-serif;=\"\" font-size:=\"\" 14px;\"=\"\" style=\"text-align: justify;\"><span style=\"text-size-adjust: 100%;\">Asmat – Kementerian Perhubungan berkomitmen untuk terus meningkatkan konektivitas dari dan ke Kabupaten Asmat, Papua, melalui pembangunan infrastruktur baik sarana maupun prasarana transportasi. Hal tersebut disampaikan Menteri Perhubungan (Menhub) Budi Karya Sumadi dalam kunjungan kerjanya ke Kabupaten Asmat, Papua, Minggu (26/9).</span></p><p open=\"\" sans\",=\"\" arial,=\"\" sans-serif;=\"\" font-size:=\"\" 14px;\"=\"\" style=\"text-align: justify;\">Dalam kunjungan kerjanya, Menhub disambut oleh Bupati Asmat Elisa Kambu, Ketua DPRD Asmat Yaoel Mangoprou, serta jajaran dari Forum Komunikasi Pimpinan Daerah (Forkompinda) Kabupaten Asmat. Menhub menjelaskan bahwa Kemenhub tengah melakukan sejumlah pembangunan dan pengembangan infrastruktur transportasi.</p><p open=\"\" sans\",=\"\" arial,=\"\" sans-serif;=\"\" font-size:=\"\" 14px;\"=\"\" style=\"text-align: justify;\">“Kita terus melakukan peningkatan infrastruktur transportasi di Asmat secara keseluruhan. Kita tahu di Asmat ini ada Bandara Ewer, Pelabuhan Agats, dan infrastruktur transportasi lainnya. Kita ingin bangun infrastruktur di sini agar seluruh Indonesia mengetahui Asmat,” jelas Menhub.</p><p open=\"\" sans\",=\"\" arial,=\"\" sans-serif;=\"\" font-size:=\"\" 14px;\"=\"\" style=\"text-align: justify;\">Menhub mengungkapkan, Kemenhub melalui Ditjen Perhubungan Udara telah mengembangkan Bandara Ewer agar lebih memenuhi aspek keselamatan dan keamanan penerbangan.</p><p open=\"\" sans\",=\"\" arial,=\"\" sans-serif;=\"\" font-size:=\"\" 14px;\"=\"\" style=\"text-align: justify;\">“Kita bangun bandara ini dengan desain mengusung kearifan lokal. Kita buat ukiran khas budaya Asmat, dan interior terminal yang lebih cantik, yang diharapkan menjadi daya tersendiri bagi para wisatawan. Tahun depan masih akan terus kita kembangkan,” ungkap Menhub.</p><p open=\"\" sans\",=\"\" arial,=\"\" sans-serif;=\"\" font-size:=\"\" 14px;\"=\"\" style=\"text-align: justify;\">Saat ini Bandara Ewer sudah memiliki runway atau landas pacu berukuran 1.650 x 30 meter yang sudah mampu didarati pesawat sejenis ATR-72. Selain itu, bandara ini memiliki apron seluas 90 x 70 meter, dan gedung terminal seluas 576 meter persegi.</p><p open=\"\" sans\",=\"\" arial,=\"\" sans-serif;=\"\" font-size:=\"\" 14px;\"=\"\" style=\"text-align: justify;\">Selain mengembangkan bandara, Menhub menjelaskan, pihaknya juga tengah melakukan peningkatan konektivitas melalui transportasi laut dan penyeberangan. Menhub menginginkan Pelabuhan Agats yang ada di Kabupaten Asmat menjadi pelabuhan penghubung dari trayek kapal Tol Laut.</p><p open=\"\" sans\",=\"\" arial,=\"\" sans-serif;=\"\" font-size:=\"\" 14px;\"=\"\" style=\"text-align: justify;\">“Saya sudah instruksikan pak Dirjen Perhubungan Darat untuk memastikan Pelabuhan Agats menjadi penghubung angkutan logistik dari Surabaya melalui kapal tol laut. Lalu dilanjutkan dengan kapal-kapal yang lebih kecil membawa logistik melalui sungai-sungai ke wilayah tengah Papua seperti Dekai, Yahukimo, Nduga, dan sekitarnya. Sehingga barang-barang bisa sampai ke saudara-saudara kita yang ada di puncak pegunungan,” ujar Menhub.</p><p open=\"\" sans\",=\"\" arial,=\"\" sans-serif;=\"\" font-size:=\"\" 14px;\"=\"\" style=\"text-align: justify;\">Menbub berharap dengan adanya pengiriman logistik melalui sungai maka dapat menekan biaya pengiriman. Selain itu pihaknya juga berharap nantinya kapal-kapal tersebut juga dapat melayani warga masyarakat di sepanjang aliran sungai.</p><p open=\"\" sans\",=\"\" arial,=\"\" sans-serif;=\"\" font-size:=\"\" 14px;\"=\"\" style=\"text-align: justify;\">Menhub mengapresiasi Bupati dan jajaran Forkompinda di Kabupaten Asmat yang memiliki semangat juang yang tinggi untuk membangun infrastruktur di Kabupaten yang terletak di bagian pesisir selatan Papua ini.</p><p open=\"\" sans\",=\"\" arial,=\"\" sans-serif;=\"\" font-size:=\"\" 14px;\"=\"\" style=\"text-align: justify;\">Kemenhub terus berupaya maksimal dalam membangun dan mengembangkan sarana dan prasarana transportasi di Papua, sejalan dengan implementasi Instruksi Presiden (Inpres) Nomor 9 tahun 2020 tentang Percepatan Pembangunan Kesejahteraan di Provinsi Papua dan Papua Barat.</p><p open=\"\" sans\",=\"\" arial,=\"\" sans-serif;=\"\" font-size:=\"\" 14px;\"=\"\" style=\"text-align: justify;\">Usai melakukan kunjungan kerja ke Kabupaten Asmat, Menhub melanjutkan kunjungan kerja ke Ende, Nusa Tenggara Timur. Menhub meninjau sejumlah infrastruktur transportasi yakni Pelabuhan Ende yang tengah dikembangkan untuk mendukung program tol laut di kawasan Timur Indonesia. Selain itu, Menhub juga meninjau Bandara H. Hasan Aroeboesman yang merupakan salah satu dari 16 bandara yang ada di Provinsi NTT.</p><p open=\"\" sans\",=\"\" arial,=\"\" sans-serif;=\"\" font-size:=\"\" 14px;\"=\"\" style=\"text-align: justify;\">Turut hadir pada kunjungan kerja Menhub ke Ende, Bupati Kabupaten Ende, Djafar Achmad, Dirjen Perhubungan Darat Budi Setiyadi, Dirjen Perhubungan Udara Novie Riyanto, dan jajaran Forkompinda di Kabupaten Ende. (GD/RDL/LA/JD)</p>', 'Aktif', '2021-09-27', '2021-09-27', 'superadmin', 'superadmin', '0000-00-00 00:00:00'),
(8, 'Coba Berita 1', 'coba-berita-1.html', 'upload/news/advance_130556_big.jpg', '<p open=\"\" sans\",=\"\" arial,=\"\" sans-serif;=\"\" font-size:=\"\" 14px;\"=\"\" style=\"text-align: justify;\"><span style=\"text-size-adjust: 100%;\">Asmat – Kementerian Perhubungan berkomitmen untuk terus meningkatkan konektivitas dari dan ke Kabupaten Asmat, Papua, melalui pembangunan infrastruktur baik sarana maupun prasarana transportasi. Hal tersebut disampaikan Menteri Perhubungan (Menhub) Budi Karya Sumadi dalam kunjungan kerjanya ke Kabupaten Asmat, Papua, Minggu (26/9).</span></p><p open=\"\" sans\",=\"\" arial,=\"\" sans-serif;=\"\" font-size:=\"\" 14px;\"=\"\" style=\"text-align: justify;\">Dalam kunjungan kerjanya, Menhub disambut oleh Bupati Asmat Elisa Kambu, Ketua DPRD Asmat Yaoel Mangoprou, serta jajaran dari Forum Komunikasi Pimpinan Daerah (Forkompinda) Kabupaten Asmat. Menhub menjelaskan bahwa Kemenhub tengah melakukan sejumlah pembangunan dan pengembangan infrastruktur transportasi.</p><p open=\"\" sans\",=\"\" arial,=\"\" sans-serif;=\"\" font-size:=\"\" 14px;\"=\"\" style=\"text-align: justify;\">“Kita terus melakukan peningkatan infrastruktur transportasi di Asmat secara keseluruhan. Kita tahu di Asmat ini ada Bandara Ewer, Pelabuhan Agats, dan infrastruktur transportasi lainnya. Kita ingin bangun infrastruktur di sini agar seluruh Indonesia mengetahui Asmat,” jelas Menhub.</p><p open=\"\" sans\",=\"\" arial,=\"\" sans-serif;=\"\" font-size:=\"\" 14px;\"=\"\" style=\"text-align: justify;\">Menhub mengungkapkan, Kemenhub melalui Ditjen Perhubungan Udara telah mengembangkan Bandara Ewer agar lebih memenuhi aspek keselamatan dan keamanan penerbangan.</p><p open=\"\" sans\",=\"\" arial,=\"\" sans-serif;=\"\" font-size:=\"\" 14px;\"=\"\" style=\"text-align: justify;\"><br></p><p open=\"\" sans\",=\"\" arial,=\"\" sans-serif;=\"\" font-size:=\"\" 14px;\"=\"\" style=\"text-align: justify;\"><br></p>', 'Aktif', '2021-09-27', '2021-09-27', 'superadmin', 'superadmin', '0000-00-00 00:00:00');

-- --------------------------------------------------------

--
-- Table structure for table `tbl_nrp`
--

CREATE TABLE `tbl_nrp` (
  `id` int(255) NOT NULL,
  `nip` varchar(300) NOT NULL,
  `kode_registrasi` varchar(300) NOT NULL,
  `instansi` varchar(300) NOT NULL,
  `nama` varchar(300) NOT NULL
) ENGINE=InnoDB DEFAULT CHARSET=utf8mb4;

--
-- Dumping data for table `tbl_nrp`
--

INSERT INTO `tbl_nrp` (`id`, `nip`, `kode_registrasi`, `instansi`, `nama`) VALUES
(2, '19850815 200812 1 001', '031.071.PT4.01.003', 'Dit.Sarana', 'Indra Satriyono, A.Ma. PKB'),
(3, '19861221 201012 1 004', '031.071.PT3.01.004', 'Dit.Sarana', 'Tri Bowo Leksono, A.Ma. PKB, ST'),
(4, 'NON PNS', '031.071.PP1.02.003', 'Dit.Sarana', 'Alviatun Nur Khasanah'),
(5, 'NON PNS', '031.071.PP1.02.004', 'Dit.Sarana', 'HERWIN'),
(6, 'NON PNS', '031.071.PP1.02.005', 'Dit.Sarana', 'IMAM NURYADI'),
(7, 'NON PNS', '031.071.PP1.02.006', 'Dit.Sarana', 'SUGIYARTO'),
(8, 'NON PNS', '031.071.PP1.02.007', 'Dit.Sarana', 'ADITYA GALIH KUNCORO'),
(9, 'NON PNS', '031.071.PP1.02.008', 'Dit.Sarana', 'ARIE PRABOWO'),
(10, '19941114 2001902 1 001', '031.071.PP1.01.016', 'Dit.Sarana', 'MUHAMMAD ILHAM'),
(11, '19930716 201902 1 002', '031.071.PP1.01.017', 'Dit.Sarana', 'BAYU WANDA PRIHANTONO'),
(12, '19841014 201012 2 004', '031.071.PP1.01.018', 'Dit. Lalu Lintas Jalan', 'ERNAWATI'),
(13, 'NON PNS', '031.071.PP1.02.009', 'Dit.Sarana', 'HAMKA GADZALY'),
(14, 'NON PNS', '031.071.PP1.02.010', 'Dit. Lalu Lintas Jalan', 'REGAWA SUTOMO FAJAR NUGROHO'),
(15, '19940326 201801 1 003', '031.071.PP1.01.019', 'Dit.Sarana', 'RINTO MARENDRA RAHARJO'),
(16, 'NON PNS', '031.071.PP1.02.011', 'Dit.Sarana', 'ROYA ROHMAWATI'),
(17, 'NON PNS', '031.071.PP1.02.012', 'Dit. Lalu Lintas Jalan', 'SIGIT TRIABOWO'),
(18, 'PNS', '031.071.PP1.01.020', 'Dit.Sarana', 'WISNU HERLAMBANG'),
(19, 'NON PNS', '031.071.PP1.02.013', 'Dit. Sarana', 'ADAM ILYAS SAPUTRA'),
(20, 'NON PNS', '031.071.PP1.02.014', 'Dit. Sarana', 'EKO PRASTIYO');

-- --------------------------------------------------------

--
-- Table structure for table `tbl_pengumuman_email`
--

CREATE TABLE `tbl_pengumuman_email` (
  `id_pengumuman` bigint(20) NOT NULL,
  `tipe_surat` enum('Surat Panggilan Diklat','Surat Panggilan Jenjang') DEFAULT NULL,
  `judul` varchar(300) DEFAULT NULL,
  `konten` text DEFAULT NULL,
  `nama_file_surat` varchar(300) DEFAULT NULL,
  `file_surat` varchar(300) DEFAULT NULL,
  `created_date` datetime DEFAULT NULL,
  `created_by` varchar(100) DEFAULT NULL,
  `updated_date` datetime DEFAULT NULL,
  `updated_by` varchar(100) DEFAULT NULL,
  `deleted_date` varchar(100) DEFAULT NULL
) ENGINE=InnoDB DEFAULT CHARSET=utf8;

--
-- Dumping data for table `tbl_pengumuman_email`
--

INSERT INTO `tbl_pengumuman_email` (`id_pengumuman`, `tipe_surat`, `judul`, `konten`, `nama_file_surat`, `file_surat`, `created_date`, `created_by`, `updated_date`, `updated_by`, `deleted_date`) VALUES
(1, 'Surat Panggilan Jenjang', 'daftar peserta lolos', '<p>&nbsp;ccdcd<br></p>', 'f15fcbbe07ffba7faf12d152ddaebc47.pdf', 'upload/pengumuman/f15fcbbe07ffba7faf12d152ddaebc47.pdf', '2021-12-13 17:32:45', 'superadmin', '2021-12-13 17:32:45', 'superadmin', NULL);

-- --------------------------------------------------------

--
-- Table structure for table `tbl_perpanjangan`
--

CREATE TABLE `tbl_perpanjangan` (
  `id_perpanjangan` bigint(20) NOT NULL,
  `id_user` bigint(20) DEFAULT NULL,
  `id_jenis_jenjang` bigint(20) DEFAULT NULL,
  `kode_pengajuan` varchar(300) DEFAULT NULL,
  `no_reg` varchar(300) DEFAULT NULL,
  `no_sertifikat` varchar(300) DEFAULT NULL,
  `no_ba` varchar(300) DEFAULT NULL,
  `tgl_ba` date DEFAULT NULL,
  `email` varchar(300) DEFAULT NULL,
  `folder` varchar(500) DEFAULT NULL,
  `file_perintah` varchar(300) DEFAULT NULL,
  `nama_file_perintah` varchar(300) DEFAULT NULL,
  `file_pnbp` varchar(300) DEFAULT NULL,
  `nama_file_pnbp` varchar(300) DEFAULT NULL,
  `status_perpanjangan` varchar(100) DEFAULT NULL,
  `keterangan_status` text DEFAULT NULL,
  `status_pembayaran` varchar(300) DEFAULT NULL,
  `tanggal` date DEFAULT NULL,
  `tgl_surat` date DEFAULT NULL,
  `no_surat` varchar(300) DEFAULT NULL,
  `catatan_perpanjangan` text DEFAULT NULL,
  `catatan_validasi` text NOT NULL,
  `catatan_approve` text NOT NULL,
  `status_baca` int(10) NOT NULL,
  `ttd_1` varchar(300) NOT NULL,
  `ttd_2` varchar(300) NOT NULL,
  `confirm_kasi` int(10) NOT NULL,
  `confirm_kabid` int(10) NOT NULL,
  `tgl_confirm_kasi` date NOT NULL,
  `tgl_confirm_kabid` date NOT NULL,
  `created_date` datetime DEFAULT NULL,
  `created_by` varchar(300) DEFAULT NULL,
  `updated_date` datetime DEFAULT NULL,
  `updated_by` varchar(300) DEFAULT NULL,
  `deleted_date` datetime DEFAULT NULL
) ENGINE=InnoDB DEFAULT CHARSET=utf8;

--
-- Dumping data for table `tbl_perpanjangan`
--

INSERT INTO `tbl_perpanjangan` (`id_perpanjangan`, `id_user`, `id_jenis_jenjang`, `kode_pengajuan`, `no_reg`, `no_sertifikat`, `no_ba`, `tgl_ba`, `email`, `folder`, `file_perintah`, `nama_file_perintah`, `file_pnbp`, `nama_file_pnbp`, `status_perpanjangan`, `keterangan_status`, `status_pembayaran`, `tanggal`, `tgl_surat`, `no_surat`, `catatan_perpanjangan`, `catatan_validasi`, `catatan_approve`, `status_baca`, `ttd_1`, `ttd_2`, `confirm_kasi`, `confirm_kabid`, `tgl_confirm_kasi`, `tgl_confirm_kabid`, `created_date`, `created_by`, `updated_date`, `updated_by`, `deleted_date`) VALUES
(2, 1, 2, 'PPJ071121001', NULL, NULL, NULL, '2021-11-07', 'wahyupunk10@gmail.com', '20211107/13b5038f43c97ec30476eb06df994a5f', NULL, NULL, NULL, NULL, 'Proses Verifikasi', 'Pengajuan user <b>Moch Wahyu Sugiarto</b> untuk proses perpanjangan Kompetensi tingkat Penguji Pemula Sedang di Proses Verifikasi oleh admin sistem E-Kompetensi', NULL, '2021-11-07', '2021-11-07', NULL, NULL, '', '', 1, '', '', 0, 0, '0000-00-00', '0000-00-00', '2021-11-07 16:37:59', 'Moch Wahyu Sugiarto', '2021-11-07 22:54:25', 'superadmin', NULL),
(4, 3, 2, 'PPJ141221001', '035.015.PMT.01.081221002', '2345', '123', '2021-12-14', 'denysetyawan.0734010305@yahoo.com', '20211214/75a477bb2e5ef2df79c3bfeeff4253f7', 'upload/berkas_pembayaran/20211214/', '', 'upload/berkas_pembayaran/20211214/', '', 'Approve', 'Pengajuan user <b>Deny Setyawan</b> untuk proses perpanjangan Kompetensi tingkat Penguji Pemula telah di Approve oleh admin sistem Kompetensi.dan akan segera mendapatkan pembayaran Biling PNBP di email anda.', 'Lunas', '2021-12-14', '2021-12-14', '5677', NULL, '', '', 0, '', '', 0, 0, '0000-00-00', '0000-00-00', '2021-12-14 06:22:04', 'Deny Setyawan', '2021-12-14 06:26:26', 'superadmin', NULL),
(5, 1, 6, 'PPJ141221002', '123435', '123', '12345', '2021-12-14', 'wahyupunk10@gmail.com', '20211214/2757c3ed22d0f1f8772f88fcb17f4c31', 'upload/berkas_pembayaran/bfefeb94481c86d6ded5e6fd7d90bb2a.pdf', 'bfefeb94481c86d6ded5e6fd7d90bb2a.pdf', 'upload/berkas_pembayaran/fbd9b733f48845fda67e38e1488006f9.pdf', 'fbd9b733f48845fda67e38e1488006f9.pdf', 'Approve', 'Pengajuan user <b>Moch Wahyu Sugiarto</b> untuk proses perpanjangan Kompetensi tingkat Penguji Tingkat Empat telah di Approve oleh admin sistem Kompetensi.dan akan segera mendapatkan pembayaran Biling PNBP di email anda.', NULL, '2021-12-14', '2021-12-14', NULL, NULL, '', '', 0, '', '', 0, 0, '0000-00-00', '0000-00-00', '2021-12-14 07:46:45', 'Moch Wahyu Sugiarto', '2021-12-14 14:11:40', 'superadmin', NULL),
(6, 3, 2, 'PPJ191221001', '035.015.PMT.01.081221002', '1233', '1234', '2021-12-19', 'denysetyawan.0734010305@yahoo.com', '20211219/7c6a8454429a1a1a2cb43b7d92781ee9', 'upload/berkas_pembayaran/92018ea3bc33fe3305895001715bae25.pdf', '92018ea3bc33fe3305895001715bae25.pdf', 'upload/berkas_pembayaran/c5286f5f766942e6231c844a487d79b2.pdf', 'c5286f5f766942e6231c844a487d79b2.pdf', 'Approve', 'Pengajuan user <b>Deny Setyawan</b> untuk proses perpanjangan Kompetensi tingkat Penguji Pemula telah di Approve oleh admin sistem Kompetensi.dan akan segera mendapatkan pembayaran Biling PNBP di email anda.', 'Lunas', '2021-12-19', '2021-12-19', '1345', NULL, '', '', 0, '', '', 0, 0, '0000-00-00', '0000-00-00', '2021-12-19 21:59:35', 'Deny Setyawan', '2021-12-19 22:58:20', 'superadmin', NULL),
(7, 4, 2, 'PPJ201221001', '035.015.PP2.01.201221001', '345', '123/kemenhuub/2021', '2021-12-20', 'cokreksmanivda@gmail.com', '20211220/d0212a3790d3614083792aa7a91ba8ea', 'upload/berkas_pembayaran/03f6e656cd8a17995c1ac04d904fb507.pdf', '03f6e656cd8a17995c1ac04d904fb507.pdf', 'upload/berkas_pembayaran/2d5d14fc6490037f3767fc0619a23ce2.pdf', '2d5d14fc6490037f3767fc0619a23ce2.pdf', 'Approve', 'Pengajuan user <b>Desna Irawan</b> untuk proses perpanjangan Kompetensi tingkat Penguji Pemula telah di Approve oleh admin sistem Kompetensi.dan akan segera mendapatkan pembayaran Biling PNBP di email anda.', 'Lunas', '2021-12-20', '2021-12-20', '5678', NULL, '', '', 0, '', '', 0, 0, '0000-00-00', '0000-00-00', '2021-12-20 13:42:30', 'Desna Irawan', '2021-12-20 13:53:51', 'superadmin', NULL),
(8, 1, 6, 'PPJ201221002', NULL, NULL, NULL, '2021-12-20', 'wahyupunk10@gmail.com', '20211220/9081883af33e5883b00e7ac9da227e6a', NULL, NULL, NULL, NULL, 'Pending', 'user <b>Moch Wahyu Sugiarto</b> Sedang melakukan proses perpanjangan kompetensi tingkat Penguji Tingkat Empat ke sistem E-Kompetensi', NULL, '2021-12-20', '2021-12-20', NULL, NULL, '', '', 0, '', '', 0, 0, '0000-00-00', '0000-00-00', '2021-12-20 14:57:04', 'Moch Wahyu Sugiarto', '2021-12-20 14:57:04', 'Moch Wahyu Sugiarto', NULL);

-- --------------------------------------------------------

--
-- Table structure for table `tbl_slider`
--

CREATE TABLE `tbl_slider` (
  `id` bigint(20) NOT NULL,
  `gambar` varchar(300) DEFAULT NULL,
  `judul` varchar(300) DEFAULT NULL,
  `deskripsi` text DEFAULT NULL,
  `status` varchar(10) DEFAULT NULL,
  `urutan` varchar(300) DEFAULT NULL,
  `created_date` datetime DEFAULT NULL,
  `created_by` varchar(300) DEFAULT NULL,
  `updated_date` datetime DEFAULT NULL,
  `updated_by` varchar(300) DEFAULT NULL,
  `deleted_date` datetime DEFAULT NULL
) ENGINE=InnoDB DEFAULT CHARSET=utf8;

--
-- Dumping data for table `tbl_slider`
--

INSERT INTO `tbl_slider` (`id`, `gambar`, `judul`, `deskripsi`, `status`, `urutan`, `created_date`, `created_by`, `updated_date`, `updated_by`, `deleted_date`) VALUES
(2, 'upload/slider/slide_kementerian_2.jpeg', 'slide 1', '<p>-</p>', 'Aktif', '1', '2021-09-11 18:25:57', 'superadmin', '2021-12-14 14:06:25', 'superadmin', NULL),
(4, NULL, 'slide 3', '<p>-</p>', 'Aktif', '3', '2021-09-26 20:04:17', 'superadmin', '2021-11-07 12:28:54', 'superadmin', '2021-12-19 19:11:57'),
(5, 'upload/slider/index.jpg', 'diklat', '<p>diklat</p>', 'Aktif', '1', '2021-12-19 19:10:33', 'superadmin', '2021-12-19 19:10:33', 'superadmin', NULL),
(6, 'upload/slider/1443697652p.jpg', 'diklat 2', '<p>diklat 2</p>', 'Aktif', '4', '2021-12-19 19:11:26', 'superadmin', '2021-12-19 19:11:26', 'superadmin', NULL),
(7, 'upload/slider/Dinas-Perhubungan.jpg', 'dillat 3', '<p>diklat 3</p>', 'Aktif', '3', '2021-12-19 19:12:23', 'superadmin', '2021-12-19 19:12:23', 'superadmin', NULL);

-- --------------------------------------------------------

--
-- Table structure for table `tbl_status_kepegawaian`
--

CREATE TABLE `tbl_status_kepegawaian` (
  `id` bigint(20) NOT NULL,
  `kode` varchar(300) DEFAULT NULL,
  `nama` varchar(300) DEFAULT NULL,
  `deleted_date` datetime DEFAULT NULL
) ENGINE=InnoDB DEFAULT CHARSET=utf8;

--
-- Dumping data for table `tbl_status_kepegawaian`
--

INSERT INTO `tbl_status_kepegawaian` (`id`, `kode`, `nama`, `deleted_date`) VALUES
(1, '01', 'Penguji ASN PNS', NULL),
(2, '02', 'Penguji ASN NON PNS', NULL),
(3, '03', 'Penguji Bengkel APM', NULL),
(4, '04', 'Penguji di Pengujian Swasta', NULL);

-- --------------------------------------------------------

--
-- Table structure for table `tbl_surat`
--

CREATE TABLE `tbl_surat` (
  `id_surat` bigint(20) NOT NULL,
  `tipe_surat` enum('Surat Panggilan Diklat','Surat Panggilan Jenjang') DEFAULT NULL,
  `subjek` varchar(300) DEFAULT NULL,
  `no_surat` varchar(300) DEFAULT NULL,
  `tgl_surat` date DEFAULT NULL,
  `no_ba` varchar(300) DEFAULT NULL,
  `tgl_ba` date DEFAULT NULL,
  `created_date` datetime DEFAULT NULL,
  `created_by` varchar(300) DEFAULT NULL,
  `updated_date` datetime DEFAULT NULL,
  `updated_by` varchar(300) DEFAULT NULL,
  `deleted_date` datetime DEFAULT NULL
) ENGINE=InnoDB DEFAULT CHARSET=utf8;

--
-- Dumping data for table `tbl_surat`
--

INSERT INTO `tbl_surat` (`id_surat`, `tipe_surat`, `subjek`, `no_surat`, `tgl_surat`, `no_ba`, `tgl_ba`, `created_date`, `created_by`, `updated_date`, `updated_by`, `deleted_date`) VALUES
(1, 'Surat Panggilan Diklat', 'uj hn', '345', '2021-12-13', '45345', '2021-12-13', '2021-12-13 16:48:29', 'superadmin', '2021-12-13 16:48:29', 'superadmin', NULL);

-- --------------------------------------------------------

--
-- Table structure for table `tbl_surat_perintah_bayar`
--

CREATE TABLE `tbl_surat_perintah_bayar` (
  `id_surat` bigint(20) NOT NULL,
  `tipe_surat` enum('Surat Panggilan Diklat','Surat Panggilan Jenjang') DEFAULT NULL,
  `id_jenis_jenjang` bigint(20) DEFAULT NULL,
  `id_kategori_diklat` bigint(20) DEFAULT NULL,
  `perihal` varchar(300) DEFAULT NULL,
  `total_peserta` varchar(300) DEFAULT NULL,
  `kepada` varchar(300) DEFAULT NULL,
  `subjek` varchar(300) DEFAULT NULL,
  `no_surat` varchar(300) DEFAULT NULL,
  `tgl_surat` date DEFAULT NULL,
  `no_ba` varchar(300) DEFAULT NULL,
  `tgl_ba` date DEFAULT NULL,
  `created_date` datetime DEFAULT NULL,
  `created_by` varchar(300) DEFAULT NULL,
  `updated_date` datetime DEFAULT NULL,
  `updated_by` varchar(300) DEFAULT NULL,
  `deleted_date` datetime DEFAULT NULL
) ENGINE=InnoDB DEFAULT CHARSET=utf8;

--
-- Dumping data for table `tbl_surat_perintah_bayar`
--

INSERT INTO `tbl_surat_perintah_bayar` (`id_surat`, `tipe_surat`, `id_jenis_jenjang`, `id_kategori_diklat`, `perihal`, `total_peserta`, `kepada`, `subjek`, `no_surat`, `tgl_surat`, `no_ba`, `tgl_ba`, `created_date`, `created_by`, `updated_date`, `updated_by`, `deleted_date`) VALUES
(1, 'Surat Panggilan Diklat', NULL, 2, 'kenaikan', '23', 'dishub sdioarjo', 'tes', '123', '2021-12-13', '1234', '2021-12-13', '2021-12-13 17:31:33', 'superadmin', '2021-12-13 17:31:33', 'superadmin', NULL);

-- --------------------------------------------------------

--
-- Table structure for table `tbl_user`
--

CREATE TABLE `tbl_user` (
  `id_user` bigint(20) NOT NULL,
  `id_jenis_jenjang` bigint(20) DEFAULT NULL,
  `id_kota` bigint(20) DEFAULT NULL,
  `id_status_kepegawaian` bigint(20) DEFAULT NULL,
  `nama_lengkap` varchar(50) DEFAULT NULL,
  `nomor_hp` varchar(300) DEFAULT NULL,
  `email` varchar(50) DEFAULT NULL,
  `password` varchar(300) DEFAULT NULL,
  `jkel` varchar(300) DEFAULT NULL,
  `status_pegawai` varchar(300) DEFAULT NULL,
  `tempat_lahir` varchar(300) DEFAULT NULL,
  `tgl_lahir` date DEFAULT NULL,
  `instansi` varchar(300) DEFAULT NULL,
  `asal_instansi` varchar(300) DEFAULT NULL,
  `alamat_instansi` text DEFAULT NULL,
  `no_reg` varchar(300) DEFAULT NULL,
  `kode_kota` varchar(300) DEFAULT NULL,
  `kode_jenjang` varchar(300) DEFAULT NULL,
  `kode_kepegawaian` varchar(300) DEFAULT NULL,
  `kode_otomatis` varchar(300) DEFAULT NULL,
  `folder` varchar(500) DEFAULT NULL COMMENT 'Folder untuk multiple image',
  `subject` varchar(500) DEFAULT NULL,
  `catatan` longtext DEFAULT NULL,
  `nik` varchar(300) DEFAULT NULL,
  `nip` varchar(300) NOT NULL,
  `jabatan` varchar(300) DEFAULT NULL,
  `dinas` varchar(300) DEFAULT NULL,
  `photo` varchar(300) DEFAULT NULL,
  `status` varchar(300) DEFAULT NULL,
  `status_helper` varchar(100) NOT NULL,
  `status_email` varchar(100) NOT NULL,
  `tanggal` date DEFAULT NULL,
  `ip_address` varchar(35) DEFAULT NULL,
  `user_agent` varchar(255) DEFAULT NULL,
  `last_login_user` datetime DEFAULT NULL,
  `created_date` datetime DEFAULT NULL,
  `created_by` varchar(300) DEFAULT NULL,
  `updated_date` datetime DEFAULT NULL,
  `updated_by` varchar(300) DEFAULT NULL,
  `deleted_date` datetime DEFAULT NULL
) ENGINE=InnoDB DEFAULT CHARSET=utf8;

--
-- Dumping data for table `tbl_user`
--

INSERT INTO `tbl_user` (`id_user`, `id_jenis_jenjang`, `id_kota`, `id_status_kepegawaian`, `nama_lengkap`, `nomor_hp`, `email`, `password`, `jkel`, `status_pegawai`, `tempat_lahir`, `tgl_lahir`, `instansi`, `asal_instansi`, `alamat_instansi`, `no_reg`, `kode_kota`, `kode_jenjang`, `kode_kepegawaian`, `kode_otomatis`, `folder`, `subject`, `catatan`, `nik`, `nip`, `jabatan`, `dinas`, `photo`, `status`, `status_helper`, `status_email`, `tanggal`, `ip_address`, `user_agent`, `last_login_user`, `created_date`, `created_by`, `updated_date`, `updated_by`, `deleted_date`) VALUES
(1, 6, 264, 2, 'Moch Wahyu Sugiarto', '089675773470', 'wahyupunk10@gmail.com', 'd2FoeXU=', 'Pria', 'PNS', 'Surabaya', '2021-09-10', 'Dishub Kota', '-', '-', '123435', NULL, NULL, NULL, NULL, '20210929/d41d8cd98f00b204e9800998ecf8427e', 'Belum Approve Akun', '<p>- Silahkan lengkapi berkas</p><p>- Silahkan Lakukan pendaftaran ulang karena akun anda kami hapus</p>', NULL, '', NULL, NULL, 'upload/foto/d41d8cd98f00b204e9800998ecf8427e/file_1636270027_logo-dishub.png', 'Aktif', 'Aktif', 'Aktif', '2021-09-29', '114.5.244.253', 'Mozilla/5.0 (Windows NT 10.0; Win64; x64) AppleWebKit/537.36 (KHTML, like Gecko) Chrome/96.0.4664.110 Safari/537.36', '2021-12-31 13:18:24', '2021-09-29 17:46:55', 'Regist', '2021-12-21 23:01:50', 'superadmin', NULL),
(3, 0, 242, 1, 'Deny Setyawan', '081217187808', 'denysetyawan.0734010305@yahoo.com', 'MDgxODI4', 'Pria', 'PNS', 'Sidoarjo', '2001-01-16', 'Dishub Kabupaten', 'Dishub Sidoarjo', 'PKB Sidoarjo', '035.015..01.081221002', '035.015', '', '01', '081221002', '20211208/1f601aaf873a96758dcb4266277f5e45', NULL, NULL, NULL, '', NULL, NULL, NULL, 'Aktif', '', 'Aktif', '2021-12-08', NULL, NULL, '2021-12-19 23:22:05', '2021-12-08 11:57:03', 'Regist', '2021-12-08 11:57:03', 'Regist', '2021-12-23 08:30:29'),
(4, 2, 242, 1, 'Desna Irawan', '085790491961', 'cokreksmanivda@gmail.com', 'MDgxODI4', 'Pria', 'PNS', 'Sidoarjo', '1999-10-19', 'Dishub Kabupaten', 'Dinas Perhubungan Kabupaten Sidoarjo', 'Sidoarjo', '035.015.PP2.01.201221001', '035.015', 'PP2', '01', '201221001', '20211220/b9f2deed0f449962d66ed528a3ba95b3', NULL, NULL, NULL, '', NULL, NULL, NULL, 'Aktif', 'Aktif', 'Aktif', '2021-12-20', '114.5.244.253', 'Mozilla/5.0 (Windows NT 10.0; Win64; x64) AppleWebKit/537.36 (KHTML, like Gecko) Chrome/96.0.4664.110 Safari/537.36', '2021-12-20 13:36:16', '2021-12-20 13:34:07', 'Regist', '2021-12-21 22:44:43', 'superadmin', '2021-12-23 09:15:08'),
(6, 2, 158, 1, 'Rajendra Gusti Primadama, S.Kom', '082213919441', 'rajendragustiprimadama12@gmail.com', 'I0Rldk9wcw==', 'Pria', 'PNS', 'Cilacap', '1996-08-07', 'Ditjen Perhubungan Darat', 'Pusat Teknologi Informasi Komunikasi Perhubungan', 'Jl. Medan Merdeka Barat No 8 Jakarta Pusat', '031.071.PP2.01.201221003', '031.071', 'PP2', '01', '201221003', '20211220/7e101579dc4b6250ace20403629910bd', NULL, NULL, NULL, '', NULL, NULL, 'upload/foto/7e101579dc4b6250ace20403629910bd/file_1639985417_MALE.png', 'Non aktif', '', '', '2021-12-20', NULL, NULL, NULL, '2021-12-20 14:30:17', 'Regist', '2021-12-20 14:30:17', 'Regist', NULL),
(7, 3, 183, 1, 'Thomas', '0123456789', 'belajarthomas@gmail.com', 'Y29iYTEyMzQ=', 'Pria', 'PNS', 'Sleman', '1984-01-01', 'Ditjen Perhubungan Darat', 'Setditjen Hubdat', 'Jl. Medan Merdeka Barat No.8', '032.075.PT1.01.201221004', '032.075', 'PT1', '01', '201221004', '20211220/a0cf6e8fe9eadcaf6009a9c8b08d6587', NULL, NULL, NULL, '', NULL, NULL, 'upload/foto/a0cf6e8fe9eadcaf6009a9c8b08d6587/file_1639990276_data-etilang.jpg', 'Non aktif', '', '', '2021-12-20', NULL, NULL, NULL, '2021-12-20 15:51:16', 'Regist', '2021-12-20 15:51:16', 'Regist', NULL),
(8, 1, 276, 1, 'Deny Setyawan', '081217187808', 'denysetyawan.0734010305@yahoo.com', 'MDgxODI4', 'Pria', 'PNS', 'Sidoarjo', '1989-01-28', 'Dishub Kabupaten', 'dishub sidoarjo', 'sidoarjo', '051.003.PP1.01.231221001', '051.003', 'PP1', '01', '231221001', '20211223/9854df393a29803158de5c37bee55255', 'kekuranag', '<p>kurang berkas<br></p>', '3515102801890002', '', NULL, NULL, NULL, 'Non aktif', '', 'Aktif', '2021-12-23', NULL, NULL, NULL, '2021-12-23 08:16:09', 'Regist', '2021-12-23 08:21:24', 'superadmin', '2021-12-23 08:30:29'),
(12, 4, 158, 3, 'Denyds Vds', '081217187808', 'bimaarivianurhuda@gmail.com', 'MDgxODI4', 'Pria', 'PNS', 'Ds ', '2021-12-20', 'Dishub Kabupaten', 'sc sc ', ' dd x', '031.071.PT2.03.231221005', '031.071', 'PT2', '03', '231221005', '20211223/74424ed68a2c100ff91de3f51fc8b4b1', NULL, NULL, 'df sd', '', NULL, NULL, 'upload/foto/74424ed68a2c100ff91de3f51fc8b4b1/file_1640228698_ifc.jpg', 'Non aktif', '', 'Aktif', '2021-12-23', NULL, NULL, NULL, '2021-12-23 10:04:58', 'Regist', '2021-12-23 10:04:58', 'Regist', NULL);

--
-- Indexes for dumped tables
--

--
-- Indexes for table `admin`
--
ALTER TABLE `admin`
  ADD PRIMARY KEY (`id`),
  ADD UNIQUE KEY `id` (`id`),
  ADD KEY `grup_id` (`grup_id`),
  ADD KEY `username` (`username`);

--
-- Indexes for table `ci_sessions`
--
ALTER TABLE `ci_sessions`
  ADD PRIMARY KEY (`id`),
  ADD UNIQUE KEY `id` (`id`),
  ADD KEY `ci_sessions_timestamp` (`timestamp`);

--
-- Indexes for table `grup`
--
ALTER TABLE `grup`
  ADD PRIMARY KEY (`grup_id`),
  ADD UNIQUE KEY `grup_id` (`grup_id`);

--
-- Indexes for table `jenis_jenjang`
--
ALTER TABLE `jenis_jenjang`
  ADD PRIMARY KEY (`id`),
  ADD UNIQUE KEY `id` (`id`),
  ADD KEY `kode` (`kode`);

--
-- Indexes for table `kategori_status`
--
ALTER TABLE `kategori_status`
  ADD PRIMARY KEY (`id_kategori`),
  ADD UNIQUE KEY `id_kategori` (`id_kategori`);

--
-- Indexes for table `kota`
--
ALTER TABLE `kota`
  ADD PRIMARY KEY (`id_kota`) USING BTREE,
  ADD UNIQUE KEY `id_kota` (`id_kota`),
  ADD KEY `kode` (`kode`),
  ADD KEY `id_provinsi` (`id_provinsi`);

--
-- Indexes for table `menu_akses`
--
ALTER TABLE `menu_akses`
  ADD PRIMARY KEY (`id_menuakses`);

--
-- Indexes for table `provinsi`
--
ALTER TABLE `provinsi`
  ADD PRIMARY KEY (`id_provinsi`) USING BTREE,
  ADD UNIQUE KEY `id_provinsi` (`id_provinsi`);

--
-- Indexes for table `status_grup`
--
ALTER TABLE `status_grup`
  ADD PRIMARY KEY (`id_status`),
  ADD UNIQUE KEY `id_status` (`id_status`);

--
-- Indexes for table `sys_counter`
--
ALTER TABLE `sys_counter`
  ADD PRIMARY KEY (`sys_counter_id`) USING BTREE,
  ADD UNIQUE KEY `counter_id` (`sys_counter_id`) USING BTREE;

--
-- Indexes for table `tbl_bantuan`
--
ALTER TABLE `tbl_bantuan`
  ADD PRIMARY KEY (`id_bantuan`),
  ADD UNIQUE KEY `id_bantuan` (`id_bantuan`);

--
-- Indexes for table `tbl_broadcast`
--
ALTER TABLE `tbl_broadcast`
  ADD PRIMARY KEY (`id_broadcast`),
  ADD UNIQUE KEY `id_broadcast` (`id_broadcast`);

--
-- Indexes for table `tbl_bukti_pembayaran`
--
ALTER TABLE `tbl_bukti_pembayaran`
  ADD PRIMARY KEY (`id_pembayaran`),
  ADD UNIQUE KEY `id_pembayaran` (`id_pembayaran`),
  ADD KEY `id_user` (`id_user`),
  ADD KEY `kode_pengajuan` (`kode_pengajuan`);

--
-- Indexes for table `tbl_config_menu`
--
ALTER TABLE `tbl_config_menu`
  ADD PRIMARY KEY (`id_config`),
  ADD UNIQUE KEY `id_config` (`id_config`);

--
-- Indexes for table `tbl_diklat`
--
ALTER TABLE `tbl_diklat`
  ADD PRIMARY KEY (`id_diklat`),
  ADD UNIQUE KEY `id_diklat` (`id_diklat`),
  ADD KEY `id_user` (`id_user`),
  ADD KEY `jenis_diklat` (`id_kategori_diklat`) USING BTREE,
  ADD KEY `kode_pengajuan` (`kode_pengajuan`),
  ADD KEY `id_jenis_jenjang` (`id_jenis_jenjang`);

--
-- Indexes for table `tbl_history`
--
ALTER TABLE `tbl_history`
  ADD PRIMARY KEY (`id_history`),
  ADD UNIQUE KEY `id_history` (`id_history`),
  ADD KEY `id_user` (`id_user`),
  ADD KEY `kode_pengajuan` (`kode_pengajuan`);

--
-- Indexes for table `tbl_history_diklat`
--
ALTER TABLE `tbl_history_diklat`
  ADD PRIMARY KEY (`id_history_diklat`),
  ADD UNIQUE KEY `id_history_diklat` (`id_history_diklat`),
  ADD KEY `id_user` (`id_user`),
  ADD KEY `kode_pengajuan` (`kode_pengajuan`),
  ADD KEY `id_kategori_diklat` (`id_kategori_diklat`);

--
-- Indexes for table `tbl_history_diklat_help`
--
ALTER TABLE `tbl_history_diklat_help`
  ADD PRIMARY KEY (`id_history`);

--
-- Indexes for table `tbl_history_dokumen`
--
ALTER TABLE `tbl_history_dokumen`
  ADD PRIMARY KEY (`id_history`),
  ADD UNIQUE KEY `id_history` (`id_history`),
  ADD KEY `kode` (`kode`),
  ADD KEY `id_user` (`id_user`);

--
-- Indexes for table `tbl_history_jenjang`
--
ALTER TABLE `tbl_history_jenjang`
  ADD PRIMARY KEY (`id_history_jenjang`),
  ADD UNIQUE KEY `id_history_jenjang` (`id_history_jenjang`),
  ADD KEY `id_user` (`id_user`),
  ADD KEY `kode_pengajuan` (`kode_pengajuan`),
  ADD KEY `id_jenis_jenjang` (`id_jenis_jenjang`);

--
-- Indexes for table `tbl_history_jenjang_help`
--
ALTER TABLE `tbl_history_jenjang_help`
  ADD PRIMARY KEY (`id_history`);

--
-- Indexes for table `tbl_history_perpanjangan_help`
--
ALTER TABLE `tbl_history_perpanjangan_help`
  ADD PRIMARY KEY (`id_history`);

--
-- Indexes for table `tbl_inbox`
--
ALTER TABLE `tbl_inbox`
  ADD PRIMARY KEY (`id_inbox`),
  ADD UNIQUE KEY `id_inbox` (`id_inbox`);

--
-- Indexes for table `tbl_kategori_diklat`
--
ALTER TABLE `tbl_kategori_diklat`
  ADD PRIMARY KEY (`id_kategori_diklat`) USING BTREE,
  ADD UNIQUE KEY `id_diklat` (`id_kategori_diklat`) USING BTREE;

--
-- Indexes for table `tbl_kenaikan_jenjang`
--
ALTER TABLE `tbl_kenaikan_jenjang`
  ADD PRIMARY KEY (`id_jenjang`),
  ADD UNIQUE KEY `id_jenjang` (`id_jenjang`),
  ADD KEY `id_user` (`id_user`),
  ADD KEY `jenis_jenjang` (`id_jenis_jenjang`) USING BTREE,
  ADD KEY `kode_pengajuan` (`kode_pengajuan`);

--
-- Indexes for table `tbl_kontak`
--
ALTER TABLE `tbl_kontak`
  ADD PRIMARY KEY (`id`),
  ADD UNIQUE KEY `id` (`id`);

--
-- Indexes for table `tbl_login`
--
ALTER TABLE `tbl_login`
  ADD PRIMARY KEY (`id`),
  ADD UNIQUE KEY `id` (`id`);

--
-- Indexes for table `tbl_log_email`
--
ALTER TABLE `tbl_log_email`
  ADD PRIMARY KEY (`id_history`);

--
-- Indexes for table `tbl_menu`
--
ALTER TABLE `tbl_menu`
  ADD PRIMARY KEY (`id_menu`),
  ADD UNIQUE KEY `id_menu` (`id_menu`);

--
-- Indexes for table `tbl_news`
--
ALTER TABLE `tbl_news`
  ADD PRIMARY KEY (`id_news`);

--
-- Indexes for table `tbl_nrp`
--
ALTER TABLE `tbl_nrp`
  ADD PRIMARY KEY (`id`);

--
-- Indexes for table `tbl_pengumuman_email`
--
ALTER TABLE `tbl_pengumuman_email`
  ADD PRIMARY KEY (`id_pengumuman`),
  ADD UNIQUE KEY `id_pengumuman` (`id_pengumuman`),
  ADD KEY `tipe_surat` (`tipe_surat`);

--
-- Indexes for table `tbl_perpanjangan`
--
ALTER TABLE `tbl_perpanjangan`
  ADD PRIMARY KEY (`id_perpanjangan`),
  ADD UNIQUE KEY `id_perpanjangan` (`id_perpanjangan`),
  ADD KEY `id_user` (`id_user`),
  ADD KEY `id_jenis_jenjang` (`id_jenis_jenjang`),
  ADD KEY `kode_pengajuan` (`kode_pengajuan`);

--
-- Indexes for table `tbl_slider`
--
ALTER TABLE `tbl_slider`
  ADD PRIMARY KEY (`id`),
  ADD UNIQUE KEY `id` (`id`);

--
-- Indexes for table `tbl_status_kepegawaian`
--
ALTER TABLE `tbl_status_kepegawaian`
  ADD PRIMARY KEY (`id`),
  ADD UNIQUE KEY `id` (`id`),
  ADD KEY `kode` (`kode`);

--
-- Indexes for table `tbl_surat`
--
ALTER TABLE `tbl_surat`
  ADD PRIMARY KEY (`id_surat`),
  ADD UNIQUE KEY `id_surat` (`id_surat`),
  ADD KEY `tipe_surat` (`tipe_surat`);

--
-- Indexes for table `tbl_surat_perintah_bayar`
--
ALTER TABLE `tbl_surat_perintah_bayar`
  ADD PRIMARY KEY (`id_surat`),
  ADD UNIQUE KEY `id_surat` (`id_surat`),
  ADD KEY `tipe_surat` (`tipe_surat`),
  ADD KEY `id_jenis_jenjang` (`id_jenis_jenjang`),
  ADD KEY `id_diklat` (`id_kategori_diklat`) USING BTREE;

--
-- Indexes for table `tbl_user`
--
ALTER TABLE `tbl_user`
  ADD PRIMARY KEY (`id_user`),
  ADD UNIQUE KEY `id_user` (`id_user`),
  ADD KEY `id_kota` (`id_kota`),
  ADD KEY `id_status_kepegawaian` (`id_status_kepegawaian`),
  ADD KEY `id_helper_jenjang` (`id_jenis_jenjang`) USING BTREE;

--
-- AUTO_INCREMENT for dumped tables
--

--
-- AUTO_INCREMENT for table `admin`
--
ALTER TABLE `admin`
  MODIFY `id` bigint(20) NOT NULL AUTO_INCREMENT, AUTO_INCREMENT=7;

--
-- AUTO_INCREMENT for table `grup`
--
ALTER TABLE `grup`
  MODIFY `grup_id` int(10) NOT NULL AUTO_INCREMENT, AUTO_INCREMENT=3;

--
-- AUTO_INCREMENT for table `jenis_jenjang`
--
ALTER TABLE `jenis_jenjang`
  MODIFY `id` int(255) NOT NULL AUTO_INCREMENT, AUTO_INCREMENT=9;

--
-- AUTO_INCREMENT for table `kategori_status`
--
ALTER TABLE `kategori_status`
  MODIFY `id_kategori` bigint(20) NOT NULL AUTO_INCREMENT, AUTO_INCREMENT=11;

--
-- AUTO_INCREMENT for table `kota`
--
ALTER TABLE `kota`
  MODIFY `id_kota` bigint(20) NOT NULL AUTO_INCREMENT, AUTO_INCREMENT=515;

--
-- AUTO_INCREMENT for table `menu_akses`
--
ALTER TABLE `menu_akses`
  MODIFY `id_menuakses` int(11) NOT NULL AUTO_INCREMENT, AUTO_INCREMENT=53;

--
-- AUTO_INCREMENT for table `provinsi`
--
ALTER TABLE `provinsi`
  MODIFY `id_provinsi` int(11) NOT NULL AUTO_INCREMENT, AUTO_INCREMENT=35;

--
-- AUTO_INCREMENT for table `status_grup`
--
ALTER TABLE `status_grup`
  MODIFY `id_status` bigint(20) NOT NULL AUTO_INCREMENT, AUTO_INCREMENT=24;

--
-- AUTO_INCREMENT for table `sys_counter`
--
ALTER TABLE `sys_counter`
  MODIFY `sys_counter_id` bigint(20) UNSIGNED NOT NULL AUTO_INCREMENT, AUTO_INCREMENT=23;

--
-- AUTO_INCREMENT for table `tbl_bantuan`
--
ALTER TABLE `tbl_bantuan`
  MODIFY `id_bantuan` bigint(20) NOT NULL AUTO_INCREMENT;

--
-- AUTO_INCREMENT for table `tbl_broadcast`
--
ALTER TABLE `tbl_broadcast`
  MODIFY `id_broadcast` bigint(20) NOT NULL AUTO_INCREMENT, AUTO_INCREMENT=17;

--
-- AUTO_INCREMENT for table `tbl_bukti_pembayaran`
--
ALTER TABLE `tbl_bukti_pembayaran`
  MODIFY `id_pembayaran` bigint(20) NOT NULL AUTO_INCREMENT, AUTO_INCREMENT=10;

--
-- AUTO_INCREMENT for table `tbl_config_menu`
--
ALTER TABLE `tbl_config_menu`
  MODIFY `id_config` bigint(20) NOT NULL AUTO_INCREMENT, AUTO_INCREMENT=3;

--
-- AUTO_INCREMENT for table `tbl_diklat`
--
ALTER TABLE `tbl_diklat`
  MODIFY `id_diklat` bigint(20) NOT NULL AUTO_INCREMENT, AUTO_INCREMENT=9;

--
-- AUTO_INCREMENT for table `tbl_history`
--
ALTER TABLE `tbl_history`
  MODIFY `id_history` bigint(20) NOT NULL AUTO_INCREMENT, AUTO_INCREMENT=74;

--
-- AUTO_INCREMENT for table `tbl_history_diklat`
--
ALTER TABLE `tbl_history_diklat`
  MODIFY `id_history_diklat` bigint(20) NOT NULL AUTO_INCREMENT, AUTO_INCREMENT=9;

--
-- AUTO_INCREMENT for table `tbl_history_diklat_help`
--
ALTER TABLE `tbl_history_diklat_help`
  MODIFY `id_history` bigint(255) NOT NULL AUTO_INCREMENT, AUTO_INCREMENT=15;

--
-- AUTO_INCREMENT for table `tbl_history_dokumen`
--
ALTER TABLE `tbl_history_dokumen`
  MODIFY `id_history` bigint(20) NOT NULL AUTO_INCREMENT;

--
-- AUTO_INCREMENT for table `tbl_history_jenjang`
--
ALTER TABLE `tbl_history_jenjang`
  MODIFY `id_history_jenjang` bigint(20) NOT NULL AUTO_INCREMENT, AUTO_INCREMENT=4;

--
-- AUTO_INCREMENT for table `tbl_history_jenjang_help`
--
ALTER TABLE `tbl_history_jenjang_help`
  MODIFY `id_history` bigint(200) NOT NULL AUTO_INCREMENT, AUTO_INCREMENT=15;

--
-- AUTO_INCREMENT for table `tbl_history_perpanjangan_help`
--
ALTER TABLE `tbl_history_perpanjangan_help`
  MODIFY `id_history` bigint(20) NOT NULL AUTO_INCREMENT, AUTO_INCREMENT=20;

--
-- AUTO_INCREMENT for table `tbl_inbox`
--
ALTER TABLE `tbl_inbox`
  MODIFY `id_inbox` int(100) NOT NULL AUTO_INCREMENT, AUTO_INCREMENT=4;

--
-- AUTO_INCREMENT for table `tbl_kategori_diklat`
--
ALTER TABLE `tbl_kategori_diklat`
  MODIFY `id_kategori_diklat` bigint(20) NOT NULL AUTO_INCREMENT, AUTO_INCREMENT=9;

--
-- AUTO_INCREMENT for table `tbl_kenaikan_jenjang`
--
ALTER TABLE `tbl_kenaikan_jenjang`
  MODIFY `id_jenjang` bigint(20) NOT NULL AUTO_INCREMENT, AUTO_INCREMENT=5;

--
-- AUTO_INCREMENT for table `tbl_kontak`
--
ALTER TABLE `tbl_kontak`
  MODIFY `id` bigint(20) NOT NULL AUTO_INCREMENT, AUTO_INCREMENT=2;

--
-- AUTO_INCREMENT for table `tbl_login`
--
ALTER TABLE `tbl_login`
  MODIFY `id` bigint(20) NOT NULL AUTO_INCREMENT, AUTO_INCREMENT=13;

--
-- AUTO_INCREMENT for table `tbl_log_email`
--
ALTER TABLE `tbl_log_email`
  MODIFY `id_history` int(255) NOT NULL AUTO_INCREMENT, AUTO_INCREMENT=7;

--
-- AUTO_INCREMENT for table `tbl_menu`
--
ALTER TABLE `tbl_menu`
  MODIFY `id_menu` bigint(20) NOT NULL AUTO_INCREMENT, AUTO_INCREMENT=38;

--
-- AUTO_INCREMENT for table `tbl_news`
--
ALTER TABLE `tbl_news`
  MODIFY `id_news` int(255) NOT NULL AUTO_INCREMENT, AUTO_INCREMENT=9;

--
-- AUTO_INCREMENT for table `tbl_nrp`
--
ALTER TABLE `tbl_nrp`
  MODIFY `id` int(255) NOT NULL AUTO_INCREMENT, AUTO_INCREMENT=21;

--
-- AUTO_INCREMENT for table `tbl_pengumuman_email`
--
ALTER TABLE `tbl_pengumuman_email`
  MODIFY `id_pengumuman` bigint(20) NOT NULL AUTO_INCREMENT, AUTO_INCREMENT=2;

--
-- AUTO_INCREMENT for table `tbl_perpanjangan`
--
ALTER TABLE `tbl_perpanjangan`
  MODIFY `id_perpanjangan` bigint(20) NOT NULL AUTO_INCREMENT, AUTO_INCREMENT=9;

--
-- AUTO_INCREMENT for table `tbl_slider`
--
ALTER TABLE `tbl_slider`
  MODIFY `id` bigint(20) NOT NULL AUTO_INCREMENT, AUTO_INCREMENT=8;

--
-- AUTO_INCREMENT for table `tbl_status_kepegawaian`
--
ALTER TABLE `tbl_status_kepegawaian`
  MODIFY `id` bigint(20) NOT NULL AUTO_INCREMENT, AUTO_INCREMENT=5;

--
-- AUTO_INCREMENT for table `tbl_surat`
--
ALTER TABLE `tbl_surat`
  MODIFY `id_surat` bigint(20) NOT NULL AUTO_INCREMENT, AUTO_INCREMENT=2;

--
-- AUTO_INCREMENT for table `tbl_surat_perintah_bayar`
--
ALTER TABLE `tbl_surat_perintah_bayar`
  MODIFY `id_surat` bigint(20) NOT NULL AUTO_INCREMENT, AUTO_INCREMENT=2;

--
-- AUTO_INCREMENT for table `tbl_user`
--
ALTER TABLE `tbl_user`
  MODIFY `id_user` bigint(20) NOT NULL AUTO_INCREMENT, AUTO_INCREMENT=13;
COMMIT;

/*!40101 SET CHARACTER_SET_CLIENT=@OLD_CHARACTER_SET_CLIENT */;
/*!40101 SET CHARACTER_SET_RESULTS=@OLD_CHARACTER_SET_RESULTS */;
/*!40101 SET COLLATION_CONNECTION=@OLD_COLLATION_CONNECTION */;
